title,title_id,imdb_id,content_rating,release_date,Action_Adventure,Animation,Comedy,SciFi_Fantasy,Drama,Family,Mystery_Crime,Bio_History,Horror_Thriller,Romance
Weapons,1471,tt26581740,R,2025-08-08,0.0,0,0,0.0,0,0,1.0,0.0,1.0,0
How to Train Your Dragon,1469,tt26743210,PG,2025-06-13,1.0,0,1,0.0,0,0,0.0,0.0,0.0,0
Bring Her Back,1468,tt32246771,R,2025-05-30,0.0,0,0,0.0,0,0,1.0,0.0,1.0,0
Lilo & Stitch,1467,tt11655566,PG,2025-05-23,1.0,0,1,0.0,0,0,0.0,0.0,0.0,0
Final Destination: Bloodlines,1466,tt9619824,R,2025-05-16,0.0,0,0,0.0,0,0,0.0,0.0,1.0,0
Jane Austen Wrecked My Life,1465,tt31112509,R,2025-05-16,0.0,0,0,0.0,0,0,0.0,0.0,0.0,1
Friendship,1464,tt30505698,R,2025-05-09,0.0,0,1,0.0,0,0,0.0,0.0,0.0,0
Shadow Force,1463,tt11092020,R,2025-05-09,1.0,0,0,0.0,1,0,0.0,0.0,1.0,0
The Surfer,1462,tt27813235,R,2025-05-02,0.0,0,0,0.0,0,0,0.0,0.0,1.0,0
Thunderbolts*,1461,tt20969586,PG-13,2025-05-02,1.0,0,0,0.0,0,0,1.0,0.0,0.0,0
On Swift Horses,1460,tt15042300,R,2025-04-25,0.0,0,0,0.0,1,0,0.0,0.0,0.0,1
Until Dawn,1458,tt30955489,R,2025-04-25,0.0,0,0,0.0,1,0,0.0,0.0,1.0,0
The Accountant 2,1457,tt7068946,R,2025-04-25,1.0,0,0,0.0,1,0,1.0,0.0,0.0,0
Sinners,1456,tt31193180,R,2025-04-18,1.0,0,0,0.0,1,0,0.0,0.0,1.0,0
The Legend of Ochi,1455,tt8866456,PG,2025-04-18,1.0,0,0,1.0,0,1,0.0,0.0,0.0,0
The Wedding Banquet,1454,tt32214413,R,2025-04-18,0.0,0,1,0.0,0,0,0.0,0.0,0.0,1
Warfare,1453,tt31434639,R,2025-04-11,1.0,0,0,0.0,1,0,0.0,0.0,0.0,0
Drop,1452,tt32149847,PG-13,2025-04-11,0.0,0,0,0.0,1,0,1.0,0.0,1.0,0
The Amateur,1451,tt0899043,PG-13,2025-04-11,1.0,0,0,0.0,0,0,0.0,0.0,1.0,0
A Minecraft Movie,1450,tt3566834,PG,2025-04-04,1.0,0,1,0.0,0,0,0.0,0.0,0.0,0
Hell of a Summer,1449,tt21267296,R,2025-04-04,0.0,0,1,0.0,0,0,1.0,0.0,1.0,0
The Penguin Lessons,1448,tt26677014,PG-13,2025-03-28,0.0,0,0,0.0,1,0,0.0,0.0,0.0,0
A Working Man,1447,tt9150192,R,2025-03-28,1.0,0,0,0.0,0,0,0.0,0.0,1.0,0
The Ballad of Wallis Island,1446,tt27674982,PG-13,2025-03-28,0.0,0,1,0.0,1,0,0.0,0.0,0.0,0
The Friend,1445,tt18108824,R,2025-03-28,0.0,0,1,0.0,1,0,0.0,0.0,0.0,0
The Woman in the Yard,1444,tt31314296,PG-13,2025-03-28,0.0,0,0,0.0,1,0,0.0,0.0,1.0,0
Death of a Unicorn,1443,tt28443655,R,2025-03-28,0.0,0,1,1.0,0,0,0.0,0.0,1.0,0
The Alto Knights,1442,tt21815562,R,2025-03-21,0.0,0,0,0.0,1,0,1.0,1.0,0.0,0
Bob Trevino Likes It,1441,tt28613536,PG-13,2025-03-21,0.0,0,1,0.0,1,0,0.0,0.0,0.0,0
Disneys Snow White,1440,tt6208148,PG,2025-03-21,1.0,0,0,1.0,0,1,0.0,0.0,0.0,0
Opus,1439,tt29929565,R,2025-03-14,0.0,0,0,0.0,1,0,0.0,0.0,1.0,0
The Actor,1438,tt14127944,R,2025-03-14,0.0,0,0,0.0,1,0,1.0,0.0,0.0,0
Black Bag,1437,tt30988739,R,2025-03-14,0.0,0,0,0.0,1,0,1.0,0.0,0.0,1
Novocaine,1436,tt29603959,R,2025-03-14,1.0,0,1,0.0,0,0,0.0,0.0,1.0,0
On Becoming a Guinea Fowl,1435,tt32083311,PG-13,2025-03-07,0.0,0,1,0.0,1,0,0.0,0.0,0.0,0
Seven Veils,1434,tt26671415,,2025-03-07,0.0,0,0,0.0,1,0,0.0,0.0,0.0,0
Mickey 17,1433,tt12299608,R,2025-03-07,1.0,0,1,1.0,0,0,0.0,0.0,0.0,0
Riff Raff,1432,tt27775403,R,2025-02-28,0.0,0,1,0.0,0,0,1.0,0.0,0.0,0
Superboys of Malegaon,1431,tt28007064,PG-13,2025-02-28,0.0,0,1,0.0,1,0,0.0,0.0,0.0,0
Last Breath,1430,tt14403504,PG-13,2025-02-28,0.0,0,0,0.0,1,0,0.0,0.0,1.0,0
The Monkey,1428,tt27714946,R,2025-02-21,0.0,0,0,0.0,0,0,0.0,0.0,1.0,0
Paddington in Peru,1425,tt5822536,PG,2025-02-14,1.0,1,1,0.0,0,0,0.0,0.0,0.0,0
Parthenope,1424,tt23853982,R,2025-02-07,0.0,0,0,1.0,1,0,0.0,0.0,0.0,0
Heart Eyes,1423,tt32558992,R,2025-02-07,0.0,0,1,0.0,0,0,1.0,0.0,1.0,0
Love Hurts,1422,tt30788842,R,2025-02-07,1.0,0,1,0.0,0,0,0.0,0.0,0.0,1
Companion,1420,tt26584495,R,2025-01-31,0.0,0,0,1.0,0,0,0.0,0.0,1.0,0
Dog Man,1419,tt10954718,PG,2025-01-31,1.0,1,0,0.0,0,0,0.0,0.0,0.0,0
Love Me,1418,tt21375602,R,2025-01-31,0.0,0,0,1.0,1,0,0.0,0.0,0.0,1
Presence,1417,tt28249919,R,2025-01-24,0.0,0,0,0.0,1,0,0.0,0.0,1.0,0
Flight Risk,1416,tt10078772,R,2025-01-24,1.0,0,0,0.0,1,0,1.0,0.0,0.0,0
Im Still Here,1415,tt14961016,PG-13,2025-01-17,0.0,0,0,0.0,1,0,0.0,1.0,0.0,0
One of Them Days,1414,tt32221196,R,2025-01-17,0.0,0,1,0.0,0,0,0.0,0.0,0.0,0
Den of Thieves 2: Pantera,1412,tt8008948,R,2025-01-10,1.0,0,0,0.0,1,0,1.0,0.0,0.0,0
Hard Truths,1411,tt11891850,R,2025-01-10,0.0,0,1,0.0,1,0,0.0,0.0,0.0,0
The Last Showgirl,1410,tt31193791,R,2025-01-10,0.0,0,0,0.0,1,0,0.0,0.0,0.0,0
Babygirl,1408,tt30057084,R,2024-12-25,0.0,0,0,0.0,1,0,0.0,0.0,1.0,1
The Fire Inside,1407,tt6133444,PG-13,2024-12-25,0.0,0,0,0.0,1,0,0.0,1.0,0.0,0
Better Man,1405,tt14260836,R,2024-12-25,0.0,0,0,1.0,0,0,0.0,1.0,0.0,0
A Complete Unknown,1404,tt11563598,R,2024-12-25,0.0,0,0,0.0,1,0,0.0,1.0,0.0,0
The Room Next Door,1403,tt29439114,PG-13,2024-12-20,0.0,0,0,0.0,1,0,0.0,0.0,0.0,0
The Brutalist,1402,tt8999762,R,2024-12-20,0.0,0,0,0.0,1,0,0.0,0.0,0.0,0
Sonic The Hedgehog 3,1401,tt18259086,PG,2024-12-20,1.0,0,1,0.0,0,0,0.0,0.0,0.0,0
Mufasa: The Lion King,1400,tt13186482,PG,2024-12-20,1.0,1,0,0.0,1,0,0.0,0.0,0.0,0
September 5,1399,tt28082769,R,2024-12-13,0.0,0,0,0.0,1,0,0.0,1.0,1.0,0
Kraven the Hunter,1398,tt8790086,R,2024-12-13,1.0,0,0,0.0,0,0,0.0,0.0,1.0,0
Lord of the Rings: The War of the Rohirrim,1397,tt14824600,PG-13,2024-12-13,1.0,1,0,0.0,0,0,0.0,0.0,0.0,0
The Man in the White Van,1396,tt13232552,PG-13,2024-12-13,0.0,0,0,0.0,0,0,0.0,0.0,1.0,0
Nickel Boys,1395,tt23055660,PG-13,2024-12-13,0.0,0,0,0.0,1,0,0.0,0.0,0.0,0
The End,1394,tt15551346,R,2024-12-06,0.0,0,0,1.0,1,0,0.0,0.0,0.0,0
Unstoppable,1393,tt3864060,PG-13,2024-12-06,0.0,0,0,0.0,1,0,0.0,0.0,0.0,0
Nightbitch,1392,tt12810074,R,2024-12-06,0.0,0,1,0.0,0,0,0.0,0.0,1.0,0
Y2K,1391,tt27218960,R,2024-12-06,0.0,0,1,1.0,0,0,0.0,0.0,1.0,0
The Return,1389,tt19861162,R,2024-12-06,1.0,0,0,0.0,1,0,0.0,1.0,0.0,0
Moana 2,1388,tt13622970,PG,2024-11-27,1.0,1,1,0.0,0,0,0.0,0.0,0.0,0
Queer,1387,tt24176060,R,2024-11-27,0.0,0,0,0.0,1,0,0.0,1.0,0.0,0
The Seed of the Sacred Fig,1386,tt32178949,PG-13,2024-11-27,0.0,0,0,0.0,1,0,1.0,0.0,1.0,0
Gladiator II,1385,tt9218128,R,2024-11-22,1.0,0,0,0.0,1,0,0.0,0.0,0.0,0
Wicked,1384,tt1262426,PG,2024-11-22,0.0,0,0,1.0,0,0,0.0,0.0,0.0,1
Red One,1383,tt14948432,PG-13,2024-11-15,1.0,0,1,0.0,0,0,0.0,0.0,0.0,0
The Best Christmas Pageant Ever,1381,tt2347285,PG,2024-11-08,1.0,0,1,0.0,1,0,0.0,0.0,0.0,0
Heretic,1380,tt28015403,R,2024-11-08,0.0,0,0,0.0,0,0,0.0,0.0,1.0,0
Small Things Like These,1379,tt27196021,PG-13,2024-11-08,0.0,0,0,0.0,1,0,0.0,1.0,0.0,0
A Real Pain,1378,tt21823606,R,2024-11-01,0.0,0,1,0.0,1,0,0.0,0.0,0.0,0
Juror #2,1376,tt27403986,PG-13,2024-11-01,0.0,0,0,0.0,1,0,1.0,0.0,0.0,0
Conclave,1374,tt20215234,PG,2024-10-25,0.0,0,0,0.0,1,0,0.0,0.0,1.0,0
Venom: The Last Dance,1373,tt16366836,PG-13,2024-10-25,1.0,0,0,1.0,0,0,0.0,0.0,0.0,0
Smile 2,1372,tt29268110,R,2024-10-18,0.0,0,0,0.0,0,0,1.0,0.0,1.0,0
Goodrich,1371,tt10171472,R,2024-10-18,0.0,0,1,0.0,1,0,0.0,0.0,0.0,0
Exhibiting Forgiveness,1370,tt28523838,R,2024-10-18,0.0,0,0,0.0,1,0,0.0,0.0,0.0,0
Rumours,1368,tt30841606,R,2024-10-18,0.0,0,1,0.0,1,0,0.0,0.0,1.0,0
Anora,1367,tt28607951,R,2024-10-18,0.0,0,1,0.0,1,0,0.0,0.0,0.0,1
We Live in Time,1366,tt27131358,R,2024-10-11,0.0,0,0,0.0,1,0,0.0,0.0,0.0,1
Woman of the Hour,1365,tt7737800,R,2024-10-11,0.0,0,0,0.0,1,0,1.0,0.0,0.0,0
Terrifier 3,1364,tt27911000,Not Rated,2024-10-11,0.0,0,0,0.0,0,0,0.0,0.0,1.0,0
Piece by Piece,1362,tt31064841,PG,2024-10-11,0.0,1,1,0.0,0,0,0.0,1.0,0.0,0
Joker: Folie Ã  Deux,1357,tt11315808,R,2024-10-04,0.0,0,0,0.0,1,0,0.0,0.0,1.0,0
White Bird,1356,tt11068094,PG-13,2024-10-04,0.0,0,0,0.0,1,1,0.0,1.0,0.0,0
Megalopolis,1355,tt10128846,R,2024-09-27,0.0,0,0,1.0,1,0,0.0,0.0,0.0,0
The Wild Robot,1354,tt29623480,PG,2024-09-27,0.0,1,0,1.0,0,0,0.0,0.0,0.0,0
Saturday Night,1352,tt27657135,R,2024-09-27,0.0,0,1,0.0,1,0,0.0,1.0,0.0,0
Lee,1351,tt5112584,R,2024-09-27,0.0,0,0,0.0,1,0,0.0,1.0,0.0,0
Sleep,1350,tt8209702,,2024-09-27,0.0,0,0,0.0,0,0,1.0,0.0,1.0,0
Wolfs,1349,tt14257582,R,2024-09-20,0.0,0,0,0.0,0,0,1.0,0.0,1.0,0
The Substance,1348,tt17526714,R,2024-09-20,0.0,0,0,1.0,1,0,0.0,0.0,1.0,0
Transformers One,1347,tt8864596,PG,2024-09-20,1.0,1,0,0.0,0,0,0.0,0.0,0.0,0
Never Let Go,1346,tt14415204,R,2024-09-20,0.0,0,0,0.0,0,0,0.0,0.0,1.0,0
A Different Man,1344,tt21097228,R,2024-09-20,0.0,0,1,0.0,1,0,0.0,0.0,1.0,0
Speak No Evil,1343,tt27534307,R,2024-09-13,0.0,0,0,0.0,1,0,0.0,0.0,1.0,0
My Old Ass,1342,tt18559464,R,2024-09-13,0.0,0,1,0.0,1,0,0.0,0.0,0.0,1
The Killers Game,1341,tt0187047,,2024-09-13,1.0,0,1,0.0,0,0,0.0,0.0,0.0,0
His Three Daughters,1339,tt28491891,R,2024-09-06,0.0,0,0,0.0,1,0,0.0,0.0,0.0,0
The Front Room,1338,tt21905744,R,2024-09-06,0.0,0,0,0.0,0,0,0.0,0.0,1.0,0
Beetlejuice Beetlejuice,1337,tt2049403,PG-13,2024-09-06,0.0,0,1,1.0,0,0,0.0,0.0,1.0,0
Reagan,1336,tt1723808,PG-13,2024-08-30,0.0,0,0,0.0,1,0,0.0,1.0,0.0,0
1992,1335,tt4959750,R,2024-08-30,1.0,0,0,0.0,1,0,0.0,0.0,1.0,0
City of Dreams,1334,tt6898324,R,2024-08-30,0.0,0,0,0.0,1,0,0.0,0.0,1.0,0
Afraid,1333,tt24577462,PG-13,2024-08-30,0.0,0,0,1.0,0,0,1.0,0.0,1.0,0
Slingshot,1332,tt12616480,R,2024-08-30,0.0,0,0,1.0,0,0,1.0,0.0,1.0,0
Greedy People,1331,tt20201748,R,2024-08-23,0.0,0,1,0.0,0,0,1.0,0.0,0.0,0
The Crow,1330,tt1340094,R,2024-08-23,1.0,0,0,1.0,0,0,1.0,0.0,0.0,0
The Forge,1329,tt26731216,PG,2024-08-23,0.0,0,0,0.0,1,1,0.0,0.0,0.0,0
Blink Twice,1328,tt14858658,R,2024-08-23,0.0,0,0,0.0,0,0,1.0,0.0,1.0,0
Between the Temples,1327,tt27722375,R,2024-08-23,0.0,0,1,0.0,0,0,0.0,0.0,0.0,0
My Penguin Friend,1326,tt8609660,PG,2024-08-16,1.0,0,0,0.0,1,1,0.0,0.0,0.0,0
Alien: Romulus,1325,tt18412256,R,2024-08-16,0.0,0,0,1.0,0,0,0.0,0.0,1.0,0
Close to You,1324,tt28055434,R,2024-08-16,0.0,0,0,0.0,1,0,0.0,0.0,0.0,0
Skincare,1323,tt28223926,R,2024-08-16,0.0,0,1,0.0,0,0,1.0,0.0,1.0,0
It Ends with Us,1319,tt10655524,PG-13,2024-08-09,0.0,0,0,0.0,1,0,0.0,0.0,0.0,1
Borderlands,1321,tt4978420,PG-13,2024-08-09,1.0,0,1,0.0,0,0,0.0,0.0,0.0,0
Cuckoo,1320,tt12349832,R,2024-08-09,0.0,0,0,0.0,0,0,1.0,0.0,1.0,0
Trap,1317,tt26753003,PG-13,2024-08-02,0.0,0,0,0.0,0,0,1.0,0.0,1.0,0
Kneecap,1316,tt27367464,R,2024-08-02,0.0,0,1,0.0,1,0,0.0,0.0,0.0,0
Harold and the Purple Crayon,1315,tt1609486,PG,2024-08-02,1.0,1,1,0.0,0,0,0.0,0.0,0.0,0
Didi,1314,tt30319503,R,2024-07-26,0.0,0,1,0.0,1,0,0.0,0.0,0.0,0
Swan Song,1313,tt13207508,R,2024-07-26,0.0,0,0,1.0,1,0,0.0,0.0,0.0,1
Deadpool & Wolverine,1312,tt6263850,R,2024-07-26,1.0,0,1,0.0,0,0,0.0,0.0,0.0,0
Twisters,1310,tt12584954,PG-13,2024-07-19,1.0,0,0,0.0,0,0,0.0,0.0,1.0,0
Sing Sing,1309,tt28479262,R,2024-07-12,0.0,0,0,0.0,1,0,0.0,0.0,0.0,0
Longlegs,1307,tt23468450,R,2024-07-12,0.0,0,0,0.0,0,0,1.0,0.0,1.0,0
Fly Me to the Moon,1306,tt1896747,PG-13,2024-07-12,0.0,0,1,0.0,0,0,0.0,0.0,0.0,1
MaXXXine,1304,tt22048412,R,2024-07-05,0.0,0,0,0.0,0,0,1.0,0.0,1.0,0
Despicable Me 4,1302,tt7510222,PG,2024-07-03,1.0,1,1,0.0,0,0,0.0,0.0,0.0,0
Mother Couch,1301,tt23778430,,2024-06-28,0.0,0,1,0.0,1,0,0.0,0.0,0.0,0
Horizon: An American Saga Chapter 1,1297,tt17505010,R,2024-06-28,0.0,0,0,0.0,1,0,0.0,0.0,0.0,0
A Quiet Place: Day One,1298,tt13433802,PG-13,2024-06-28,0.0,0,0,1.0,1,0,0.0,0.0,1.0,0
A Sacrifice,1296,tt16491560,R,2024-06-28,0.0,0,0,0.0,1,0,1.0,0.0,1.0,0
Land of Women,1295,tt21622048,,2024-06-26,0.0,0,1,0.0,1,0,0.0,0.0,0.0,0
Janet Planet,1293,tt28366692,PG-13,2024-06-21,0.0,0,0,0.0,1,0,0.0,0.0,0.0,0
The Bikeriders,1292,tt21454134,R,2024-06-21,0.0,0,0,0.0,1,0,1.0,0.0,0.0,0
Kinds of Kindness,1291,tt22408160,R,2024-06-21,0.0,0,1,0.0,1,0,0.0,0.0,1.0,0
The Exorcism,1290,tt11240348,R,2024-06-21,0.0,0,0,0.0,0,0,0.0,0.0,1.0,0
Thelma,1289,tt23778968,PG-13,2024-06-21,1.0,0,1,0.0,0,0,0.0,0.0,0.0,0
The Watchers,1287,tt26736843,PG-13,2024-06-07,0.0,0,0,1.0,0,0,1.0,0.0,1.0,0
Bad Boys: Ride or Die,1286,tt4919268,R,2024-06-07,1.0,0,1,0.0,0,0,0.0,0.0,0.0,0
Robot Dreams,1285,tt13429870,PG-13,2024-05-31,0.0,1,1,0.0,1,0,0.0,0.0,0.0,0
In a Violent Nature,1284,tt30321146,Not Rated,2024-05-31,0.0,0,0,0.0,1,0,0.0,0.0,1.0,0
The Dead Dont Hurt,1283,tt22773644,R,2024-05-31,0.0,0,0,0.0,1,0,0.0,0.0,0.0,0
Backspot,1282,tt26739710,,2024-05-31,0.0,0,0,0.0,1,0,0.0,0.0,0.0,0
The Garfield Movie,1281,tt5779228,PG,2024-05-24,1.0,1,1,0.0,0,0,0.0,0.0,0.0,0
Furiosa,1280,tt12037194,R,2024-05-24,1.0,0,0,1.0,0,0,0.0,0.0,0.0,0
IF,1278,tt11152168,PG,2024-05-17,0.0,1,1,0.0,1,0,0.0,0.0,0.0,0
Back to Black,1277,tt21261712,R,2024-05-17,0.0,0,0,0.0,1,0,0.0,1.0,0.0,0
Babes,1276,tt21276958,R,2024-05-17,0.0,0,1,0.0,0,0,0.0,0.0,0.0,0
The Strangers: Chapter 1,1275,tt22050754,R,2024-05-17,0.0,0,0,0.0,0,0,0.0,0.0,1.0,0
AGGRO DR1FT,1274,tt28494518,,2024-05-10,1.0,0,0,0.0,1,0,1.0,0.0,0.0,0
Kingdom of the Planet of the Apes,1273,tt11389872,PG-13,2024-05-10,1.0,0,0,0.0,1,0,0.0,0.0,0.0,0
Poolman,1272,tt18077924,R,2024-05-10,0.0,0,1,0.0,0,0,1.0,0.0,0.0,0
Tarot,1271,tt14088510,PG-13,2024-05-03,0.0,0,0,0.0,0,0,0.0,0.0,1.0,0
I Saw the TV Glow,1270,tt15574270,PG-13,2024-05-03,0.0,0,0,0.0,1,0,1.0,0.0,0.0,0
Evil Does Not Exist,1269,tt28490044,,2024-05-03,0.0,0,0,0.0,1,0,0.0,0.0,0.0,0
The Fall Guy,1268,tt1684562,PG-13,2024-05-03,1.0,0,1,0.0,1,0,0.0,0.0,0.0,0
Wildcat,1267,tt26442871,Not Rated,2024-05-03,0.0,0,0,1.0,1,0,0.0,1.0,0.0,0
Boy Kills World,1266,tt13923084,R,2024-04-26,1.0,0,0,0.0,0,0,1.0,0.0,1.0,0
Challengers,1265,tt16426418,R,2024-04-26,0.0,0,1,0.0,1,0,0.0,0.0,0.0,1
The Ministry of Ungentlemanly Warfare,1264,tt5177120,R,2024-04-19,1.0,0,1,0.0,0,0,0.0,0.0,0.0,0
Abigail,1263,tt27489557,R,2024-04-19,0.0,0,0,0.0,0,0,0.0,0.0,1.0,0
Civil War,1261,tt17279496,R,2024-04-12,1.0,0,0,0.0,0,0,0.0,0.0,1.0,0
The Beast,1260,tt14539318,R,2024-04-05,0.0,0,0,0.0,0,0,0.0,0.0,1.0,0
The First Omen,1259,tt5672290,R,2024-04-05,0.0,0,0,0.0,0,0,0.0,0.0,1.0,0
Monkey Man,1258,tt9214772,R,2024-04-05,1.0,0,0,0.0,0,0,1.0,0.0,1.0,0
Godzilla x Kong: The New Empire,1257,tt14539740,PG-13,2024-03-29,1.0,0,0,1.0,0,0,0.0,0.0,0.0,0
Ghostbusters: Frozen Empire,1255,tt21235248,PG-13,2024-03-22,1.0,0,1,1.0,0,0,0.0,0.0,0.0,0
Late Night with the Devil,1253,tt14966898,R,2024-03-22,0.0,0,0,0.0,0,0,0.0,0.0,1.0,0
Palm Royale,1252,tt8888540,TV-MA,2024-03-20,0.0,0,1,0.0,1,0,0.0,0.0,0.0,0
Love Lies Bleeding,1251,tt19637052,R,2024-03-15,1.0,0,0,0.0,0,0,1.0,0.0,0.0,0
Arthur the King,1250,tt10720352,PG-13,2024-03-15,1.0,0,0,0.0,1,0,0.0,0.0,0.0,0
Imaginary,1249,tt26658104,PG-13,2024-03-08,0.0,0,0,0.0,0,0,1.0,0.0,1.0,0
Kung Fu Panda 4,1248,tt21692408,PG,2024-03-08,1.0,1,0,0.0,0,0,0.0,0.0,0.0,0
Knox Goes Away,1247,tt20115766,R,2024-03-05,0.0,0,0,0.0,0,0,1.0,0.0,1.0,0
Problemista,1246,tt15078804,R,2024-03-01,0.0,0,1,0.0,0,0,0.0,0.0,0.0,0
Dune: Part Two,1245,tt15239678,PG-13,2024-03-01,1.0,0,0,0.0,1,0,0.0,0.0,0.0,0
Drive-Away Dolls,1244,tt19356262,R,2024-02-23,1.0,0,1,0.0,0,0,0.0,0.0,1.0,0
Bob Marley: One Love,1243,tt8521778,PG-13,2024-02-14,0.0,0,0,0.0,1,0,0.0,1.0,0.0,0
The Movie Emperor,1242,tt28488862,,2024-02-10,0.0,0,1,0.0,1,0,0.0,0.0,0.0,0
Lisa Frankenstein,1241,tt21188080,PG-13,2024-02-09,0.0,0,1,0.0,0,0,0.0,0.0,1.0,1
The Taste of Things,1240,tt19760052,PG-13,2024-02-09,0.0,0,0,0.0,1,0,0.0,1.0,0.0,1
The End We Start From,1239,tt21810682,R,2024-01-19,0.0,0,0,0.0,1,0,0.0,0.0,1.0,0
Millers Girl,1237,tt8310486,R,2024-01-16,0.0,0,1,0.0,1,0,0.0,0.0,1.0,0
The Book of Clarence,1236,tt22866358,PG-13,2024-01-12,1.0,0,1,0.0,1,0,0.0,0.0,0.0,0
The Beekeeper,1234,tt15314262,R,2024-01-12,1.0,0,0,0.0,0,0,1.0,0.0,1.0,0
Night Swim,1233,tt9682428,PG-13,2024-01-05,0.0,0,0,0.0,0,0,1.0,0.0,1.0,0
Ferrari,1232,tt3758542,R,2023-12-25,0.0,0,0,0.0,1,0,0.0,1.0,0.0,0
The Iron Claw,1231,tt21064584,R,2023-12-22,0.0,0,0,0.0,1,0,0.0,1.0,0.0,0
All of Us Strangers,1230,tt21192142,R,2023-12-22,0.0,0,0,0.0,1,0,0.0,0.0,0.0,1
Anyone But You,1229,tt26047818,R,2023-12-22,0.0,0,1,0.0,0,0,0.0,0.0,0.0,1
Migration,1228,tt6495056,PG,2023-12-22,1.0,1,1,0.0,0,0,0.0,0.0,0.0,0
American Fiction,1227,tt23561236,R,2023-12-15,0.0,0,1,0.0,1,0,0.0,0.0,0.0,0
Wonka,1226,tt6166392,PG,2023-12-15,1.0,0,1,0.0,0,1,0.0,0.0,0.0,0
The Zone of Interest,1225,tt7160372,PG-13,2023-12-15,0.0,0,0,0.0,1,0,0.0,1.0,0.0,0
Concrete Utopia,1224,tt13086266,Not Rated,2023-12-08,1.0,0,0,0.0,1,0,0.0,0.0,0.0,0
Poor Things,1223,tt14230458,R,2023-12-08,0.0,0,1,0.0,1,0,0.0,0.0,0.0,1
The Boy and the Heron,1222,tt6587046,PG-13,2023-12-08,1.0,1,0,0.0,1,0,0.0,0.0,0.0,0
Silent Night,1221,tt15799866,R,2023-12-01,1.0,0,0,0.0,0,0,0.0,0.0,1.0,0
Godzilla Minus One,1220,tt23289160,PG-13,2023-12-01,1.0,0,0,0.0,1,0,0.0,0.0,0.0,0
Eileen,1219,tt5198890,R,2023-12-01,0.0,0,0,0.0,1,0,1.0,0.0,0.0,1
Dream Scenario,1218,tt21942866,R,2023-12-01,0.0,0,1,1.0,1,0,0.0,0.0,0.0,0
Maestro,1217,tt5535276,R,2023-11-22,0.0,0,0,0.0,1,0,0.0,1.0,0.0,0
The Hunger Games: The Ballad of Songbirds & Snakes,1215,tt10545296,PG-13,2023-11-17,1.0,0,0,0.0,1,0,0.0,0.0,0.0,0
Thanksgiving,1214,tt1448754,R,2023-11-17,0.0,0,1,0.0,0,0,1.0,0.0,1.0,0
Saltburn,1213,tt17351924,R,2023-11-17,0.0,0,0,0.0,1,0,0.0,0.0,1.0,0
Next Goal Wins,1212,tt10767052,PG-13,2023-11-17,0.0,0,1,0.0,1,0,0.0,0.0,0.0,0
Rustin,1211,tt14160834,PG-13,2023-11-03,0.0,0,0,0.0,1,0,0.0,1.0,0.0,0
The Marsh Kings Daughter,1209,tt8002382,R,2023-11-03,0.0,0,0,0.0,1,0,1.0,0.0,0.0,0
The Holdovers,1208,tt14849194,R,2023-10-27,0.0,0,1,0.0,1,0,0.0,0.0,0.0,0
The Killer,1207,tt1136617,R,2023-10-27,1.0,0,0,0.0,0,0,1.0,0.0,0.0,0
Five Nights at Freddys,1206,tt34183267,,2023-10-27,0.0,0,0,0.0,0,0,0.0,0.0,1.0,0
Fingernails,1205,tt13968674,R,2023-10-27,0.0,0,0,1.0,1,0,0.0,0.0,0.0,1
Killers of the Flower Moon,1204,tt5537002,R,2023-10-20,0.0,0,0,0.0,1,0,1.0,1.0,0.0,0
NYAD,1203,tt5302918,PG-13,2023-10-20,0.0,0,0,0.0,1,0,0.0,1.0,0.0,0
Pain Hustlers,1202,tt15257160,R,2023-10-20,0.0,0,0,0.0,1,0,1.0,0.0,0.0,0
Anatomy of a Fall,1201,tt17009710,R,2023-10-13,0.0,0,0,0.0,1,0,1.0,0.0,1.0,0
Thank You For Coming,1200,tt23036080,,2023-10-06,0.0,0,1,0.0,0,0,0.0,0.0,0.0,0
Foe,1199,tt8258502,R,2023-10-06,0.0,0,0,1.0,1,0,0.0,0.0,0.0,1
The Royal Hotel,1198,tt18363072,R,2023-10-06,0.0,0,0,0.0,1,0,0.0,0.0,1.0,0
When Evil Lurks,1197,tt16300962,Not Rated,2023-10-06,0.0,0,0,0.0,0,0,0.0,0.0,1.0,0
Dicks: The Musical,1196,tt7130916,R,2023-10-06,0.0,0,1,0.0,0,0,0.0,0.0,0.0,0
The Creator,1195,tt11858890,PG-13,2023-09-29,1.0,0,0,0.0,1,0,0.0,0.0,0.0,0
Fair Play,1194,tt16304446,R,2023-09-29,0.0,0,0,0.0,1,0,0.0,0.0,1.0,0
It Lives Inside,1193,tt15683734,PG-13,2023-09-22,0.0,0,0,0.0,1,0,0.0,0.0,1.0,0
Flora and Son,1192,tt25471950,R,2023-09-22,0.0,0,1,0.0,0,0,0.0,0.0,0.0,1
Dumb Money,1191,tt13957560,R,2023-09-15,0.0,0,1,0.0,1,0,0.0,1.0,0.0,0
A Haunting in Venice,1190,tt22687790,PG-13,2023-09-15,0.0,0,0,0.0,1,0,1.0,0.0,1.0,0
The Nun II,1189,tt10160976,R,2023-09-08,0.0,0,0,0.0,0,0,1.0,0.0,1.0,0
The Equalizer 3,1188,tt17024450,R,2023-09-01,1.0,0,0,0.0,0,0,1.0,0.0,1.0,0
Bottoms,1187,tt17527468,R,2023-08-25,0.0,0,1,0.0,0,0,0.0,0.0,0.0,0
Golda,1186,tt14454876,PG-13,2023-08-25,0.0,0,0,0.0,1,0,0.0,1.0,0.0,0
Strays,1185,tt15153532,R,2023-08-18,1.0,0,1,0.0,0,0,0.0,0.0,0.0,0
Blue Beetle,1184,tt9362930,PG-13,2023-08-18,1.0,0,0,1.0,0,0,0.0,0.0,0.0,0
Jules,1183,tt15428940,PG-13,2023-08-11,0.0,0,1,1.0,1,0,0.0,0.0,0.0,0
The Last Voyage of the Demeter,1182,tt1001520,R,2023-08-11,0.0,0,0,1.0,0,0,0.0,0.0,1.0,0
Meg 2: The Trench,1181,tt9224104,PG-13,2023-08-04,1.0,0,0,0.0,0,0,0.0,0.0,1.0,0
Teenage Mutant Ninja Turtles: Mutant Mayhem,1180,tt8589698,PG,2023-08-02,1.0,1,0,0.0,0,0,0.0,0.0,0.0,0
Talk to Me,1179,tt10638522,R,2023-07-28,0.0,0,0,0.0,0,0,0.0,0.0,1.0,0
Oppenheimer,1178,tt15398776,R,2023-07-21,0.0,0,0,0.0,1,0,0.0,1.0,0.0,0
Theater Camp,1176,tt21232992,PG-13,2023-07-14,0.0,0,1,0.0,0,0,0.0,0.0,0.0,0
Mission: Impossible - Dead Reckoning Part One,1175,tt9603212,PG-13,2023-07-12,1.0,0,0,0.0,0,0,0.0,0.0,1.0,0
Joy Ride,1174,tt15268244,R,2023-07-07,0.0,0,1,0.0,0,0,0.0,0.0,0.0,0
Insidious: The Red Door,1173,tt13405778,PG-13,2023-07-07,0.0,0,0,0.0,0,0,1.0,0.0,1.0,0
Sound of Freedom,1172,tt7599146,PG-13,2023-07-04,0.0,0,0,0.0,1,0,1.0,1.0,0.0,0
Indiana Jones and the Dial of Destiny,1171,tt1462764,PG-13,2023-06-30,1.0,0,0,1.0,0,0,0.0,0.0,0.0,0
No Hard Feelings,1170,tt15671028,R,2023-06-23,0.0,0,1,0.0,0,0,0.0,0.0,0.0,1
The Blackening,1168,tt11703244,R,2023-06-16,0.0,0,1,0.0,0,0,1.0,0.0,1.0,0
Asteroid City,1167,tt14230388,PG-13,2023-06-16,0.0,0,1,0.0,1,0,0.0,0.0,0.0,1
The Flash,1166,tt0439572,PG-13,2023-06-16,1.0,0,0,1.0,0,0,0.0,0.0,0.0,0
The Boogeyman,1165,tt3427252,PG-13,2023-06-02,0.0,0,0,0.0,0,0,1.0,0.0,1.0,0
Spider-Man: Across The Spider-Verse,1164,tt9362722,PG,2023-06-02,1.0,1,0,0.0,0,0,0.0,0.0,0.0,0
Past Lives,1163,tt13238346,PG-13,2023-06-02,0.0,0,0,0.0,1,0,0.0,0.0,0.0,1
Kandahar,1161,tt5761544,R,2023-05-26,1.0,0,0,0.0,1,0,0.0,0.0,1.0,0
The Little Mermaid,1160,tt5971474,PG,2023-05-26,1.0,0,0,1.0,0,1,0.0,0.0,0.0,0
About My Father,1159,tt8373206,PG-13,2023-05-26,0.0,0,1,0.0,0,0,0.0,0.0,0.0,0
You Hurt My Feelings,1158,tt15771916,R,2023-05-26,0.0,0,1,0.0,1,0,0.0,0.0,0.0,1
Master Gardener,1157,tt15342244,R,2023-05-19,0.0,0,0,0.0,1,0,1.0,0.0,1.0,0
Sanctuary,1156,tt15364972,R,2023-05-19,0.0,0,0,0.0,1,0,0.0,0.0,1.0,0
BlackBerry,1155,tt21867434,R,2023-05-12,0.0,0,1,0.0,1,0,0.0,1.0,0.0,0
Hypnotic,1154,tt8080204,R,2023-05-12,1.0,0,0,0.0,1,0,1.0,0.0,0.0,0
Polite Society,1153,tt18257464,PG-13,2023-04-28,1.0,0,1,0.0,0,0,0.0,0.0,0.0,0
Sisu,1152,tt14846026,R,2023-04-28,1.0,0,0,0.0,0,0,0.0,0.0,0.0,0
Are You There God? Its Me Margaret.,1151,tt9185206,PG-13,2023-04-28,0.0,0,1,0.0,1,1,0.0,0.0,0.0,0
Evil Dead Rise,1150,tt13345606,R,2023-04-21,0.0,0,0,0.0,0,0,0.0,0.0,1.0,0
Chevalier,1149,tt12758486,PG-13,2023-04-21,0.0,0,0,0.0,1,0,0.0,1.0,0.0,0
Guy Ritchies The Covenant,1148,tt4873118,R,2023-04-21,1.0,0,0,0.0,1,0,0.0,0.0,1.0,0
Renfield,1147,tt11358390,R,2023-04-14,1.0,0,1,1.0,0,0,0.0,0.0,0.0,0
Beau is Afraid,1146,tt13521006,R,2023-04-14,0.0,0,1,0.0,1,0,0.0,0.0,0.0,0
Mafia Mamma,1145,tt13923456,R,2023-04-14,1.0,0,1,0.0,0,0,1.0,0.0,0.0,0
Paint,1144,tt14472156,PG-13,2023-04-07,0.0,0,1,0.0,1,0,0.0,0.0,0.0,0
How to Blow Up a Pipeline,1143,tt21440780,R,2023-04-07,1.0,0,0,0.0,1,0,1.0,0.0,0.0,0
The Super Mario Bros. Movie,1142,tt6718170,PG,2023-04-05,1.0,1,1,0.0,0,0,0.0,0.0,0.0,0
Air (2023),1141,tt16419074,R,2023-04-05,0.0,0,0,0.0,1,0,0.0,0.0,0.0,0
Dungeons & Dragons: Honor Among Thieves,1140,tt2906216,PG-13,2023-03-31,1.0,0,1,0.0,0,0,0.0,0.0,0.0,0
A Thousand and One,1139,tt12427158,R,2023-03-31,0.0,0,0,0.0,1,0,1.0,0.0,0.0,0
John Wick: Chapter 4,1138,tt10366206,R,2023-03-24,1.0,0,0,0.0,0,0,1.0,0.0,1.0,0
A Good Person,1137,tt14153080,R,2023-03-24,0.0,0,0,0.0,1,0,0.0,0.0,0.0,0
Inside,1136,tt7832848,R,2023-03-17,1.0,0,0,0.0,0,0,1.0,0.0,1.0,0
Moving On,1135,tt15488088,R,2023-03-17,0.0,0,1,0.0,0,0,0.0,0.0,0.0,0
Scream VI,1134,tt17663992,R,2023-03-10,0.0,0,0,0.0,0,0,1.0,0.0,1.0,0
Champions,1133,tt15339570,PG-13,2023-03-10,0.0,0,1,0.0,1,0,0.0,0.0,0.0,0
Creed III,1131,tt11145118,PG-13,2023-03-03,1.0,0,0,0.0,1,0,0.0,0.0,0.0,0
Jesus Revolution,1130,tt10098448,PG-13,2023-02-24,0.0,0,0,0.0,1,0,0.0,1.0,0.0,0
Cocaine Bear,1129,tt14209916,R,2023-02-24,0.0,0,1,0.0,0,0,1.0,0.0,1.0,0
Marlowe,1127,tt6722802,R,2023-02-15,0.0,0,0,0.0,1,0,1.0,0.0,0.0,0
Close,1124,tt9660502,PG-13,2023-01-27,0.0,0,0,0.0,1,0,0.0,0.0,0.0,0
Infinity Pool,1123,tt10365998,R,2023-01-27,0.0,0,0,0.0,0,0,1.0,0.0,1.0,0
When You Finish Saving the World,1122,tt12121582,R,2023-01-20,0.0,0,1,0.0,1,0,0.0,0.0,0.0,0
Plane,1120,tt5884796,R,2023-01-13,1.0,0,0,0.0,0,0,0.0,0.0,1.0,0
Skinamarink,1119,tt21307994,Not Rated,2023-01-13,0.0,0,0,0.0,0,0,1.0,0.0,1.0,0
M3GAN,1118,tt8760708,PG-13,2023-01-06,0.0,0,0,1.0,0,0,0.0,0.0,1.0,0
A Man Called Otto,1117,tt7405458,PG-13,2022-12-30,0.0,0,1,0.0,1,0,0.0,0.0,0.0,0
Broker,1116,tt13056052,R,2022-12-26,0.0,0,1,0.0,1,0,1.0,0.0,0.0,0
Babylon,1115,tt10640346,R,2022-12-23,0.0,0,1,0.0,1,0,0.0,0.0,0.0,0
Women Talking,1113,tt13669038,PG-13,2022-12-23,0.0,0,0,0.0,1,0,0.0,0.0,0.0,0
Puss in Boots: The Last Wish,1112,tt3915174,PG,2022-12-21,1.0,1,0,0.0,0,0,0.0,0.0,0.0,0
Avatar: The Way of Water,1111,tt1630029,PG-13,2022-12-16,1.0,0,0,1.0,0,0,0.0,0.0,0.0,0
Empire of Light,1108,tt14402146,R,2022-12-09,0.0,0,0,0.0,1,0,0.0,0.0,0.0,1
The Whale,1109,tt13833688,R,2022-12-09,0.0,0,0,0.0,1,0,0.0,0.0,0.0,0
The Eternal Daughter,1107,tt13874422,PG-13,2022-12-02,0.0,0,0,0.0,1,0,1.0,0.0,0.0,0
White Noise,1105,tt6160448,R,2022-11-25,0.0,0,1,0.0,1,0,0.0,0.0,1.0,0
Devotion,1103,tt7693316,PG-13,2022-11-23,1.0,0,0,0.0,1,0,0.0,1.0,0.0,0
She Said,1102,tt11198810,R,2022-11-18,0.0,0,0,0.0,1,0,0.0,1.0,0.0,0
The Inspection,1101,tt13495458,R,2022-11-18,0.0,0,0,0.0,1,0,0.0,0.0,0.0,0
Bones and All,1100,tt10168670,R,2022-11-18,0.0,0,0,0.0,1,0,0.0,0.0,1.0,1
The Menu,1098,tt9764362,R,2022-11-18,0.0,0,1,0.0,0,0,0.0,0.0,1.0,0
The Fabelmans,1097,tt14208870,PG-13,2022-11-11,0.0,0,0,0.0,1,0,0.0,0.0,0.0,0
Black Panther: Wakanda Forever,1096,tt9114286,PG-13,2022-11-11,1.0,0,0,0.0,1,0,0.0,0.0,0.0,0
Armageddon Time,1095,tt10343028,R,2022-10-28,0.0,0,0,0.0,1,0,0.0,0.0,0.0,0
Prey for the Devil,1094,tt9271672,PG-13,2022-10-28,0.0,0,0,0.0,0,0,1.0,0.0,1.0,0
Argentina 1985,1093,tt15301048,R,2022-10-21,0.0,0,0,0.0,1,0,1.0,1.0,0.0,0
Black Adam,1092,tt6443346,PG-13,2022-10-21,1.0,0,0,1.0,0,0,0.0,0.0,0.0,0
Aftersun,1091,tt19770238,R,2022-10-21,0.0,0,0,0.0,1,0,0.0,0.0,0.0,0
Banshees of Inisherin,1090,tt11813216,R,2022-10-21,0.0,0,1,0.0,1,0,0.0,0.0,0.0,0
Ticket to Paradise,1089,tt14109724,PG-13,2022-10-21,0.0,0,1,0.0,1,0,0.0,0.0,0.0,1
Halloween Ends,1087,tt10665342,R,2022-10-14,0.0,0,0,0.0,1,0,1.0,0.0,1.0,0
Decision to Leave,1086,tt12477480,,2022-10-14,0.0,0,0,0.0,1,0,1.0,0.0,0.0,0
Amsterdam,1084,tt10304142,R,2022-10-07,0.0,0,1,0.0,1,0,0.0,1.0,0.0,0
Triangle of Sadness,1083,tt7322224,R,2022-10-07,0.0,0,1,0.0,1,0,0.0,0.0,0.0,0
Smile,1081,tt15474916,R,2022-09-30,0.0,0,0,0.0,0,0,1.0,0.0,1.0,0
Bros,1080,tt9731598,R,2022-09-30,0.0,0,1,0.0,0,0,0.0,0.0,0.0,1
Dont Worry Darling,1079,tt10731256,R,2022-09-23,0.0,0,0,0.0,1,0,1.0,0.0,1.0,0
Pearl,1076,tt18925334,R,2022-09-16,0.0,0,0,0.0,1,0,0.0,0.0,1.0,0
See How They Run,1074,tt13640696,PG-13,2022-09-16,0.0,0,1,0.0,0,0,1.0,0.0,0.0,0
The Woman King,1073,tt8093700,PG-13,2022-09-16,1.0,0,0,0.0,1,0,0.0,1.0,0.0,0
Barbarian,1072,tt15791034,R,2022-09-09,0.0,0,0,0.0,0,0,1.0,0.0,1.0,0
Honk for Jesus. Save Your Soul.,1071,tt12655436,R,2022-09-02,0.0,0,1,0.0,0,0,0.0,0.0,0.0,0
Three Thousand Years of Longing,1070,tt9198364,R,2022-08-26,0.0,0,0,1.0,1,0,0.0,0.0,0.0,1
The Invitation,1069,tt2400463,Not Rated,2022-08-26,0.0,0,0,0.0,1,0,1.0,0.0,1.0,0
Beast,1068,tt13223398,R,2022-08-19,1.0,0,0,0.0,1,0,0.0,0.0,0.0,0
Fall,1066,tt15325794,PG-13,2022-08-12,1.0,0,0,0.0,0,0,0.0,0.0,1.0,0
Emily the Criminal,1065,tt15255876,R,2022-08-12,0.0,0,0,0.0,1,0,1.0,0.0,0.0,0
Bullet Train,1063,tt12593682,R,2022-08-05,1.0,0,1,0.0,0,0,0.0,0.0,1.0,0
DC League of Super Pets,1061,tt8912936,PG,2022-07-29,1.0,1,0,0.0,0,0,0.0,0.0,0.0,0
Nope,1060,tt10954984,R,2022-07-22,0.0,0,0,1.0,0,0,1.0,0.0,1.0,0
Gone in the Night,1059,tt15426294,R,2022-07-15,0.0,0,0,0.0,0,0,1.0,0.0,1.0,0
Where the Crawdads Sing,1058,tt9411972,PG-13,2022-07-15,0.0,0,0,0.0,1,0,1.0,0.0,0.0,1
Mrs. Harris Goes To Paris,1057,tt5151570,PG,2022-07-15,0.0,0,1,0.0,1,0,0.0,0.0,0.0,0
Thor: Love And Thunder,1056,tt10648342,PG-13,2022-07-08,1.0,0,1,0.0,0,0,0.0,0.0,0.0,0
Mr. Malcolms List,1054,tt12545566,PG,2022-07-01,0.0,0,1,0.0,1,0,0.0,0.0,0.0,1
Minions: The Rise Of Gru,1053,tt5113044,PG,2022-07-01,1.0,1,1,0.0,0,0,0.0,0.0,0.0,0
Elvis,1052,tt3704428,PG-13,2022-06-24,0.0,0,0,0.0,1,0,0.0,1.0,0.0,0
Marcel the Shell with Shoes On,1051,tt15339456,PG,2022-06-24,0.0,1,1,0.0,1,0,0.0,0.0,0.0,0
The Black Phone,1050,tt7144666,R,2022-06-24,0.0,0,0,0.0,0,0,1.0,0.0,1.0,0
Lightyear,1049,tt10298810,PG,2022-06-17,1.0,1,0,0.0,0,0,0.0,0.0,0.0,0
Brian and Charles,1048,tt13270424,PG,2022-06-17,0.0,0,1,1.0,1,0,0.0,0.0,0.0,0
Crimes of the Future,1046,tt14549466,R,2022-06-03,0.0,0,0,1.0,1,0,0.0,0.0,1.0,0
The Bobs Burgers Movie,1045,tt7466442,PG-13,2022-05-27,1.0,1,1,0.0,0,0,0.0,0.0,0.0,0
Firestarter,1043,tt1798632,R,2022-05-13,0.0,0,0,1.0,1,0,0.0,0.0,1.0,0
Memory,1042,tt11827628,R,2022-04-29,1.0,0,0,0.0,0,0,1.0,0.0,1.0,0
The Northman,1041,tt11138512,R,2022-04-22,1.0,0,0,0.0,1,0,0.0,0.0,0.0,0
The Unbearable Weight Of Massive Talent,1040,tt11291274,R,2022-04-22,1.0,0,1,0.0,0,0,1.0,0.0,0.0,0
The Bad Guys,1039,tt8115900,PG,2022-04-22,1.0,1,1,0.0,0,0,0.0,0.0,0.0,0
Ambulance,1038,tt4998632,R,2022-04-08,1.0,0,0,0.0,1,0,1.0,0.0,0.0,0
Sonic The Hedgehog 2,1037,tt12412888,PG,2022-04-08,1.0,0,1,0.0,0,0,0.0,0.0,0.0,0
Everything Everywhere All At Once,1036,tt6710474,R,2022-03-25,1.0,0,1,0.0,0,0,0.0,0.0,0.0,0
The Lost City,1035,tt13320622,PG-13,2022-03-25,1.0,0,1,0.0,0,0,0.0,0.0,0.0,0
The Outfit,1034,tt14114802,R,2022-03-18,0.0,0,0,0.0,1,0,1.0,0.0,0.0,0
Alice (2022),1033,tt11687104,R,2022-03-18,0.0,0,0,0.0,1,0,1.0,0.0,0.0,1
X,1032,tt13560574,R,2022-03-18,0.0,0,0,0.0,0,0,1.0,0.0,1.0,0
The Batman,1031,tt1877830,PG-13,2022-03-04,1.0,0,0,0.0,1,0,1.0,0.0,0.0,0
After Yang,1030,tt8633464,PG,2022-03-04,0.0,0,0,1.0,1,0,0.0,0.0,0.0,0
Studio 666,1029,tt15374070,R,2022-02-25,0.0,0,1,0.0,0,0,0.0,0.0,1.0,0
Cyrano,1028,tt12889404,PG-13,2022-02-25,0.0,0,0,0.0,1,0,0.0,0.0,0.0,1
The Cursed,1027,tt9907782,R,2022-02-18,0.0,0,0,1.0,0,0,1.0,0.0,1.0,0
Uncharted,1025,tt1464335,PG-13,2022-02-18,1.0,0,0,0.0,0,0,0.0,0.0,0.0,0
The Sky is Everywhere,1024,tt2201261,PG-13,2022-02-12,0.0,0,0,0.0,1,0,0.0,0.0,0.0,1
Blacklight,1023,tt14060094,PG-13,2022-02-11,1.0,0,0,0.0,1,0,0.0,0.0,1.0,0
Marry Me,1022,tt10223460,PG-13,2022-02-11,0.0,0,1,0.0,0,0,0.0,0.0,0.0,1
Death on the Nile,1021,tt7657566,PG-13,2022-02-11,0.0,0,0,0.0,1,0,1.0,0.0,0.0,0
Moonfall,1020,tt5834426,PG-13,2022-02-04,1.0,0,0,1.0,0,0,0.0,0.0,0.0,0
American Underdog,1015,tt11729298,PG,2021-12-25,0.0,0,0,0.0,1,0,0.0,1.0,0.0,1
The Tragedy of Macbeth,1014,tt10095582,R,2021-12-25,0.0,0,0,0.0,1,0,1.0,0.0,1.0,0
A Journal for Jordan,1013,tt0995854,PG-13,2021-12-25,0.0,0,0,0.0,1,0,0.0,0.0,0.0,1
The Tender Bar,1011,tt3108894,R,2021-12-22,0.0,0,0,0.0,1,0,0.0,1.0,0.0,0
Sing 2,1010,tt6467266,PG,2021-12-22,1.0,1,1,0.0,0,0,0.0,0.0,0.0,0
Nightmare Alley,1009,tt7740496,R,2021-12-17,0.0,0,0,0.0,1,0,1.0,0.0,1.0,0
Spider-Man: No Way Home,1008,tt10872600,PG-13,2021-12-17,1.0,0,0,1.0,0,0,0.0,0.0,0.0,0
Being the Ricardos,1007,tt4995540,R,2021-12-10,0.0,0,0,0.0,1,0,0.0,1.0,0.0,0
West Side Story,1006,tt3581652,PG-13,2021-12-10,0.0,0,0,0.0,1,0,1.0,0.0,0.0,0
Red Rocket,1005,tt13453006,R,2021-12-10,0.0,0,1,0.0,1,0,0.0,0.0,0.0,0
The Souvenir Part II,1004,tt6992978,R,2021-12-01,0.0,0,0,0.0,1,0,0.0,0.0,0.0,1
The Humans,1003,tt10023286,R,2021-12-01,0.0,0,0,0.0,1,0,0.0,0.0,0.0,0
Licorice Pizza,1001,tt11271038,R,2021-11-26,0.0,0,1,0.0,1,0,0.0,0.0,0.0,1
Encanto,1000,tt2953050,PG,2021-11-24,0.0,1,1,0.0,0,1,0.0,0.0,0.0,0
Drive My Car,999,tt14039582,Unrated,2021-11-24,0.0,0,0,0.0,1,0,0.0,0.0,0.0,0
King Richard,997,tt9620288,PG-13,2021-11-19,0.0,0,0,0.0,1,0,0.0,1.0,0.0,0
House of Gucci,996,tt11214590,R,2021-11-18,0.0,0,0,0.0,1,0,1.0,1.0,0.0,0
The Power of the Dog,995,tt10293406,R,2021-11-17,0.0,0,0,0.0,1,0,0.0,0.0,0.0,0
Ghostbusters: Afterlife,994,tt4513678,PG-13,2021-11-17,1.0,0,1,1.0,0,0,0.0,0.0,0.0,0
Belfast,993,tt12789558,PG-13,2021-11-12,0.0,0,0,0.0,1,0,0.0,1.0,0.0,1
Spencer,992,tt12536294,R,2021-11-05,0.0,0,0,0.0,1,0,0.0,1.0,0.0,0
Last Night In Soho,991,tt9639470,R,2021-10-29,0.0,0,0,0.0,1,0,1.0,0.0,1.0,0
Antlers,989,tt7740510,R,2021-10-29,0.0,0,0,0.0,1,0,1.0,0.0,1.0,0
Halloween Kills,986,tt10665338,R,2021-10-15,1.0,0,0,0.0,1,0,0.0,0.0,1.0,0
The Last Duel,985,tt4244994,R,2021-10-15,0.0,0,0,0.0,1,0,0.0,1.0,1.0,0
Lamb,984,tt3908598,R,2021-10-08,0.0,0,0,0.0,1,0,0.0,0.0,0.0,0
No Time To Die,983,tt2382320,PG-13,2021-10-08,1.0,0,0,0.0,0,0,0.0,0.0,1.0,0
Titane,981,tt10944760,R,2021-10-01,0.0,0,0,1.0,1,0,0.0,0.0,1.0,0
The Eyes of Tammy Faye,980,tt9115530,PG-13,2021-09-17,0.0,0,0,0.0,1,0,0.0,1.0,0.0,1
Malignant,978,tt3811906,R,2021-09-10,0.0,0,0,0.0,0,0,1.0,0.0,1.0,0
Candyman,977,tt0103919,R,2021-08-27,0.0,0,0,0.0,0,0,0.0,0.0,1.0,0
The Night House,976,tt9731534,R,2021-08-20,0.0,0,0,0.0,0,0,1.0,0.0,1.0,0
The Protege,975,tt6079772,R,2021-08-20,1.0,0,0,0.0,0,0,1.0,0.0,1.0,0
The Hitmans Wifes Bodyguard,974,tt8385148,R,2021-08-20,1.0,0,1,0.0,0,0,1.0,0.0,0.0,0
Free Guy,973,tt6264654,PG-13,2021-08-13,1.0,0,1,0.0,0,0,0.0,0.0,0.0,0
Dont Breathe 2,972,tt6246322,R,2021-08-13,1.0,0,0,0.0,0,0,1.0,0.0,1.0,0
The Suicide Squad,971,tt6334354,R,2021-08-06,1.0,0,1,0.0,0,0,0.0,0.0,0.0,0
The Green Knight,969,tt9243804,R,2021-07-30,1.0,0,0,1.0,1,0,0.0,0.0,0.0,0
Old,968,tt14961624,R,2021-07-23,1.0,0,0,1.0,0,0,0.0,0.0,0.0,0
Space Jam: A New Legacy,967,tt3554046,PG,2021-07-16,1.0,1,1,0.0,0,0,0.0,0.0,0.0,0
Pig,966,tt11003218,R,2021-07-16,0.0,0,0,0.0,1,0,1.0,0.0,0.0,0
Escape Room: Tournament of Champions,965,tt9844522,PG-13,2021-07-16,1.0,0,0,0.0,0,0,0.0,0.0,1.0,0
The Boss Baby: Family Business,964,tt6932874,PG,2021-07-02,1.0,1,1,0.0,0,0,0.0,0.0,0.0,0
Zola,963,tt5439812,R,2021-06-30,0.0,0,1,0.0,1,0,1.0,0.0,0.0,0
In The Heights,962,tt1321510,PG-13,2021-06-10,0.0,0,0,0.0,1,0,0.0,0.0,0.0,1
Cruella,961,tt3228774,PG-13,2021-05-28,1.0,0,1,0.0,0,0,1.0,0.0,0.0,0
A Quiet Place Part II,960,tt8332922,PG-13,2021-05-18,0.0,0,0,1.0,1,0,0.0,0.0,1.0,0
Those Who Wish Me Dead,959,tt3215824,R,2021-05-14,1.0,0,0,0.0,1,0,0.0,0.0,1.0,0
The Woman In The Window,957,tt6111574,R,2021-05-14,0.0,0,0,0.0,1,0,1.0,0.0,0.0,0
Spiral,956,tt10342730,R,2021-05-14,0.0,0,0,0.0,0,0,1.0,0.0,1.0,0
Godzilla Vs. Kong,952,tt5034838,PG-13,2021-03-31,1.0,0,0,1.0,0,0,0.0,0.0,1.0,0
Nobody,951,tt7888964,R,2021-03-26,1.0,0,0,0.0,1,0,1.0,0.0,0.0,0
The Courier,950,tt8368512,PG-13,2021-03-19,0.0,0,0,0.0,1,0,1.0,1.0,0.0,0
Chaos Walking,949,tt2076822,PG-13,2021-03-05,1.0,0,0,1.0,0,0,0.0,0.0,0.0,0
The Father,947,tt10272386,PG-13,2021-02-26,0.0,0,0,0.0,1,0,1.0,0.0,0.0,0
Nomadland,946,tt9770150,R,2021-02-19,0.0,0,0,0.0,1,0,0.0,0.0,0.0,0
Judas And The Black Messiah,945,tt9784798,R,2021-02-12,0.0,0,0,0.0,1,0,0.0,1.0,0.0,0
Little Fish,944,tt9735470,Unrated,2021-02-05,0.0,0,0,1.0,1,0,0.0,0.0,0.0,1
The Little Things,943,tt10016180,R,2021-01-29,0.0,0,0,0.0,1,0,1.0,0.0,0.0,0
No Mans Land,942,tt5599952,,2021-01-22,0.0,0,0,0.0,0,0,0.0,0.0,1.0,0
Promising Young Woman,940,tt9620292,R,2020-12-25,0.0,0,0,0.0,1,0,1.0,0.0,0.0,0
Wonder Woman 1984,939,tt7126948,PG-13,2020-12-25,1.0,0,0,1.0,0,0,0.0,0.0,0.0,0
The Croods: A New Age,938,tt2850386,PG,2020-11-25,1.0,1,1,0.0,0,0,0.0,0.0,0.0,0
Ammonite,936,tt7983894,R,2020-11-13,0.0,0,0,0.0,1,0,0.0,1.0,0.0,1
Clifford The Big Red Dog,935,tt2397461,PG,2020-11-13,1.0,0,1,0.0,0,1,0.0,0.0,0.0,0
Come Play,934,tt8004664,PG-13,2020-10-30,0.0,0,0,0.0,1,0,1.0,0.0,1.0,0
Spell,933,tt10736580,R,2020-10-30,0.0,0,0,0.0,0,0,0.0,0.0,1.0,0
Love And Monsters,932,tt2222042,PG-13,2020-10-16,1.0,0,1,0.0,0,0,0.0,0.0,0.0,0
Shithouse,931,tt11618536,R,2020-10-16,0.0,0,1,0.0,1,0,0.0,0.0,0.0,1
Bad Hair,930,tt4798836,Unrated,2020-10-14,0.0,0,1,0.0,0,0,0.0,0.0,1.0,0
The Wolf Of Snow Hollow,929,tt11140488,R,2020-10-09,0.0,0,1,0.0,0,0,1.0,0.0,1.0,0
The War With Grandpa,928,tt4532038,PG,2020-10-09,0.0,0,1,0.0,1,1,0.0,0.0,0.0,0
Possessor Uncut,927,tt5918982,R,2020-10-02,0.0,0,0,1.0,0,0,1.0,0.0,1.0,0
The Last Shift,926,tt10661180,R,2020-09-25,0.0,0,1,0.0,1,0,0.0,0.0,0.0,0
Kajillionaire,925,tt8143990,R,2020-09-25,0.0,0,1,0.0,1,0,1.0,0.0,0.0,0
Tenet,922,tt6723592,PG-13,2020-09-03,1.0,0,0,1.0,0,0,0.0,0.0,1.0,0
The New Mutants,921,tt4682266,PG-13,2020-08-28,1.0,0,0,0.0,0,0,1.0,0.0,1.0,0
Respect,919,tt2452150,PG-13,2020-08-14,0.0,0,0,0.0,1,0,0.0,1.0,0.0,0
She Dies Tomorrow,918,tt11614912,R,2020-07-31,0.0,0,0,1.0,1,0,0.0,0.0,1.0,0
Saint Maud,917,tt7557108,R,2020-07-17,0.0,0,0,0.0,1,0,1.0,0.0,1.0,0
Unhinged,916,tt10059518,R,2020-07-10,1.0,0,0,0.0,0,0,0.0,0.0,1.0,0
I Still Believe,915,tt9779516,PG,2020-03-20,0.0,0,0,0.0,1,0,0.0,1.0,0.0,0
Minari,914,tt10633456,PG-13,2020-03-01,0.0,0,0,0.0,1,0,0.0,0.0,0.0,0
Wendy,913,tt1152850,R,2020-02-28,0.0,0,0,0.0,1,0,0.0,0.0,0.0,0
Emma,912,tt9214832,PG,2020-02-21,0.0,0,1,0.0,1,0,0.0,0.0,0.0,1
The Call Of The Wild,911,tt7504726,PG,2020-02-21,1.0,0,0,0.0,1,1,0.0,0.0,0.0,0
The Photograph,908,tt7798646,PG-13,2020-02-14,0.0,0,0,0.0,1,0,0.0,0.0,0.0,1
Fantasy Island,907,tt0983946,PG-13,2020-02-14,0.0,0,0,1.0,0,0,1.0,0.0,1.0,0
Birds Of Prey (And The Fantabulous Emancipation Of One Harley Quinn),906,tt7713068,R,2020-02-07,1.0,0,1,0.0,0,0,1.0,0.0,0.0,0
The Lodge,905,tt7347846,R,2020-02-07,0.0,0,0,0.0,1,0,1.0,0.0,1.0,0
The Rhythm Section,904,tt7134096,R,2020-01-31,1.0,0,0,0.0,1,0,1.0,0.0,0.0,0
Gretel & Hansel,903,tt9086228,PG-13,2020-01-31,0.0,0,0,1.0,0,0,1.0,0.0,1.0,0
Bad Boys For Life,901,tt1502397,R,2020-01-17,1.0,0,1,0.0,0,0,1.0,0.0,0.0,0
1917,900,tt8579674,R,2020-01-10,1.0,0,0,0.0,1,0,0.0,0.0,0.0,0
Clemency,897,tt5577494,R,2019-12-27,0.0,0,0,0.0,1,0,0.0,0.0,0.0,0
Spies In Disguise,896,tt5814534,PG,2019-12-25,1.0,1,0,0.0,0,0,0.0,0.0,0.0,0
Uncut Gems,895,tt5727208,R,2019-12-25,0.0,0,0,0.0,1,0,1.0,0.0,1.0,0
Just Mercy,894,tt4916630,PG-13,2019-12-25,0.0,0,0,0.0,1,0,1.0,1.0,0.0,0
Little Women (2019),893,tt3281548,PG,2019-12-25,0.0,0,0,0.0,1,0,0.0,0.0,0.0,1
Superintelligence,891,tt7178640,PG,2019-12-20,1.0,0,1,0.0,0,0,0.0,0.0,0.0,1
Star Wars: The Rise Of Skywalker,890,tt2527338,PG-13,2019-12-20,1.0,0,0,1.0,0,0,0.0,0.0,0.0,0
Bombshell,889,tt6394270,R,2019-12-13,0.0,0,0,0.0,1,0,0.0,1.0,0.0,0
Black Christmas,888,tt0071222,R,2019-12-13,0.0,0,0,0.0,0,0,1.0,0.0,1.0,0
Richard Jewell,887,tt3513548,R,2019-12-13,0.0,0,0,0.0,1,0,1.0,1.0,0.0,0
Jumanji: The Next Level,886,tt7975244,PG-13,2019-12-13,1.0,0,1,0.0,0,0,0.0,0.0,0.0,0
A Hidden Life,885,tt5827916,PG-13,2019-12-13,0.0,0,0,0.0,1,0,0.0,1.0,0.0,1
Little Joe,883,tt9204204,Not Rated,2019-12-06,0.0,0,0,0.0,1,0,1.0,0.0,1.0,0
Brahms: The Boy II,882,tt9173418,PG-13,2019-12-06,0.0,0,0,0.0,1,0,1.0,0.0,1.0,0
In Fabric,881,tt7464188,R,2019-12-06,0.0,0,1,1.0,1,0,0.0,0.0,0.0,0
Knives Out,878,tt8946378,PG-13,2019-11-27,0.0,0,1,0.0,1,0,1.0,0.0,0.0,0
Queen & Slim,879,tt28070202,PG-13,2019-11-27,0.0,0,0,0.0,1,0,0.0,1.0,0.0,0
Frozen 2,876,tt4520988,PG,2019-11-22,1.0,1,1,0.0,0,0,0.0,0.0,0.0,0
Ford v. Ferrari,875,tt1950186,PG-13,2019-11-15,1.0,0,0,0.0,1,0,0.0,1.0,0.0,0
Waves,873,tt8652728,R,2019-11-15,0.0,0,0,0.0,1,0,0.0,0.0,0.0,1
Honey Boy,872,tt8151874,R,2019-11-08,0.0,0,0,0.0,1,0,0.0,0.0,0.0,0
Doctor Sleep,871,tt5606664,R,2019-11-08,0.0,0,0,1.0,1,0,0.0,0.0,1.0,0
Terminator: Dark Fate,869,tt6450804,R,2019-11-01,1.0,0,0,1.0,0,0,0.0,0.0,0.0,0
Black And Blue,868,tt7390646,R,2019-10-25,1.0,0,0,0.0,0,0,0.0,0.0,1.0,0
Synonyms,867,tt7016254,Unrated,2019-10-25,0.0,0,1,0.0,1,0,0.0,0.0,0.0,0
The Last Full Measure,865,tt0783640,R,2019-10-25,0.0,0,0,0.0,1,0,0.0,0.0,0.0,0
Bad Trip,864,tt9684220,Unrated,2019-10-25,0.0,0,1,0.0,0,0,0.0,0.0,0.0,0
The Aeronauts,863,tt6141246,PG-13,2019-10-25,1.0,0,0,0.0,1,0,0.0,0.0,0.0,0
Jojo Rabbit,862,tt2584384,PG-13,2019-10-18,0.0,0,1,0.0,1,0,0.0,0.0,0.0,0
The Lighthouse,861,tt7984734,R,2019-10-18,0.0,0,0,1.0,1,0,0.0,0.0,1.0,0
Maleficent: Mistress Of Evil,860,tt4777008,PG,2019-10-18,1.0,0,0,0.0,1,1,0.0,0.0,0.0,0
Zombieland 2: Double Tap,859,tt36808388,,2019-10-18,1.0,0,1,0.0,0,0,0.0,0.0,1.0,0
Greener Grass,858,tt7422822,Unrated,2019-10-18,0.0,0,1,0.0,0,0,0.0,0.0,0.0,0
By The Grace Of God (Grace a Dieu),857,tt8095860,,2019-10-18,0.0,0,0,0.0,1,0,1.0,0.0,0.0,0
Mister America,855,tt10579992,R,2019-10-11,0.0,0,1,0.0,0,0,0.0,0.0,0.0,0
The Sky Is Pink,854,tt8902990,,2019-10-11,0.0,0,0,0.0,1,0,0.0,0.0,0.0,1
Gemini Man,853,tt1025100,PG-13,2019-10-11,1.0,0,0,1.0,0,0,0.0,0.0,1.0,0
Jexi,851,tt9354944,R,2019-10-11,0.0,0,1,1.0,0,0,0.0,0.0,0.0,1
Parasite,850,tt6751668,R,2019-10-11,0.0,0,0,0.0,1,0,0.0,0.0,1.0,0
Matthias & Maxime,849,tt8767908,Not Rated,2019-10-09,0.0,0,0,0.0,1,0,0.0,0.0,0.0,1
Joker,848,tt7286456,R,2019-10-04,0.0,0,0,0.0,1,0,1.0,0.0,1.0,0
Pain And Glory,847,tt8291806,R,2019-10-04,0.0,0,0,0.0,1,0,0.0,0.0,0.0,0
The Current War,846,tt2140507,PG-13,2019-10-04,0.0,0,0,0.0,1,0,0.0,1.0,0.0,0
Wrinkles The Clown,845,tt9097270,Not Rated,2019-10-04,0.0,0,1,0.0,0,0,1.0,0.0,1.0,0
Low Tide,844,tt7434324,R,2019-10-04,0.0,0,0,0.0,1,0,0.0,0.0,1.0,0
Abominable,843,tt6324278,PG,2019-09-27,1.0,1,1,0.0,0,0,0.0,0.0,0.0,0
The Death of Dick Long,842,tt9356952,R,2019-09-27,0.0,0,1,0.0,1,0,1.0,0.0,0.0,0
The Day Shall Come,841,tt7078658,Unrated,2019-09-27,0.0,0,1,0.0,0,0,1.0,0.0,0.0,0
The Hunt,840,tt2106476,R,2019-09-27,0.0,0,0,0.0,1,0,0.0,0.0,0.0,0
21 Bridges,839,tt8688634,R,2019-09-27,1.0,0,0,0.0,0,0,1.0,0.0,0.0,0
Judy,838,tt7549996,PG-13,2019-09-27,0.0,0,0,0.0,1,0,0.0,1.0,0.0,0
The Golden Glove,837,tt7670212,Not Rated,2019-09-27,0.0,0,0,0.0,1,0,1.0,0.0,1.0,0
Out Of Liberty,836,tt9844368,PG,2019-09-27,0.0,0,0,0.0,1,0,0.0,0.0,0.0,0
Villains,835,tt6378710,R,2019-09-20,0.0,0,1,0.0,1,0,0.0,0.0,1.0,0
Ad Astra,834,tt2935510,PG-13,2019-09-20,1.0,0,0,0.0,1,0,1.0,0.0,0.0,0
The Zoya Factor,833,tt8304386,,2019-09-20,0.0,0,1,0.0,1,0,0.0,0.0,0.0,1
The Wedding Year,832,tt8367184,R,2019-09-20,0.0,0,1,0.0,0,0,0.0,0.0,0.0,1
Rambo: Last Blood,831,tt1206885,R,2019-09-20,1.0,0,0,0.0,0,0,1.0,0.0,1.0,0
Corporate Animals,829,tt8366502,R,2019-09-20,0.0,0,1,0.0,0,0,0.0,0.0,1.0,0
Another Day Of Life,828,tt2967856,Unrated,2019-09-13,0.0,0,0,0.0,0,0,0.0,1.0,0.0,0
Depraved,823,tt7946216,Not Rated,2019-09-13,0.0,0,0,0.0,1,0,0.0,0.0,1.0,0
Monos,825,tt6062774,R,2019-09-13,1.0,0,0,0.0,1,0,0.0,0.0,1.0,0
Can You Keep A Secret?,824,tt8707922,TV-MA,2019-09-13,0.0,0,1,0.0,0,0,0.0,0.0,0.0,1
Loro,820,tt10182822,Unrated,2019-09-13,0.0,0,0,0.0,1,0,0.0,1.0,0.0,0
Hustlers,817,tt5503686,R,2019-09-13,0.0,0,1,0.0,1,0,1.0,0.0,0.0,0
The Goldfinch,818,tt3864056,R,2019-09-13,0.0,0,0,0.0,1,0,1.0,0.0,0.0,0
Night Hunter (Nomis),816,tt6533240,R,2019-09-06,1.0,0,0,0.0,0,0,1.0,0.0,0.0,0
Satanic Panic,815,tt8510350,Not Rated,2019-09-06,0.0,0,1,0.0,0,0,0.0,0.0,1.0,0
The Last Photograph,814,tt4729426,,2019-09-06,0.0,0,0,0.0,1,1,0.0,0.0,0.0,0
IT Chapter Two,813,tt7349950,R,2019-09-06,0.0,0,0,1.0,1,0,0.0,0.0,1.0,0
Zeroville,812,tt1881109,R,2019-09-06,0.0,0,1,0.0,1,0,1.0,0.0,0.0,0
Strange But True,811,tt2866708,PG-13,2019-09-06,0.0,0,0,0.0,1,0,1.0,0.0,1.0,0
Brittany Runs A Marathon,809,tt7671064,R,2019-08-23,0.0,0,1,0.0,1,0,0.0,0.0,0.0,0
Ready or Not,808,tt7798634,R,2019-08-21,1.0,0,1,0.0,0,0,0.0,0.0,1.0,0
Good Boys,807,tt6977338,R,2019-08-16,1.0,0,1,0.0,0,0,0.0,0.0,0.0,0
Whered You Go Bernadette,806,tt2365580,PG-13,2019-08-16,0.0,0,1,0.0,1,0,1.0,0.0,0.0,0
Blinded By The Light,805,tt8266310,PG-13,2019-08-14,0.0,0,1,0.0,1,0,0.0,0.0,0.0,0
Scary Stories To Tell In The Dark,803,tt3387520,PG-13,2019-08-09,1.0,0,0,0.0,0,0,1.0,0.0,1.0,0
The Kitchen,802,tt5822564,R,2019-08-09,1.0,0,0,0.0,1,0,1.0,0.0,0.0,0
Dora And The Lost City Of Gold,801,tt7547410,PG,2019-08-09,1.0,0,1,0.0,0,0,0.0,0.0,0.0,0
The Peanut Butter Falcon,800,tt4364194,PG-13,2019-08-09,1.0,0,1,0.0,1,0,0.0,0.0,0.0,0
Luce,799,tt7616148,R,2019-08-02,0.0,0,0,0.0,1,0,1.0,0.0,1.0,0
Hot Summer Nights,797,tt3416536,R,2019-07-27,0.0,0,0,0.0,1,0,1.0,0.0,0.0,1
Skin,796,tt6043142,R,2019-07-26,0.0,0,0,0.0,1,0,1.0,1.0,0.0,0
Once Upon A Time In Hollywood,795,tt7131622,R,2019-07-26,0.0,0,1,0.0,1,0,0.0,0.0,0.0,0
Crawl,793,tt8364368,R,2019-07-12,1.0,0,0,0.0,0,0,0.0,0.0,1.0,0
The Art Of Self Defense,792,tt7339248,R,2019-07-12,0.0,0,1,0.0,1,0,1.0,0.0,0.0,0
Stuber,791,tt7734218,R,2019-07-12,1.0,0,1,0.0,0,0,1.0,0.0,0.0,0
The Farewell,790,tt8637428,PG,2019-07-12,0.0,0,1,0.0,1,0,0.0,0.0,0.0,0
Spider-Man: Far From Home,787,tt6320628,PG-13,2019-07-02,1.0,0,1,0.0,0,0,0.0,0.0,0.0,0
Annabelle Comes Home,786,tt8350360,R,2019-06-26,0.0,0,0,0.0,0,0,1.0,0.0,1.0,0
Men In Black International,784,tt2283336,PG-13,2019-06-14,1.0,0,1,0.0,0,0,0.0,0.0,0.0,0
The Dead Dont Die,783,tt8695030,R,2019-06-14,0.0,0,1,1.0,0,0,0.0,0.0,1.0,0
The Secret Life Of Pets 2,782,tt5113040,PG,2019-06-07,1.0,1,1,0.0,0,0,0.0,0.0,0.0,0
Dark Phoenix,781,tt6565702,PG-13,2019-06-07,1.0,0,0,1.0,0,0,0.0,0.0,0.0,0
Last Black Man In San Francisco,779,tt4353250,R,2019-06-07,0.0,0,0,0.0,1,0,0.0,0.0,0.0,0
Rocketman,777,tt2066051,R,2019-05-31,0.0,0,0,0.0,1,0,0.0,1.0,0.0,0
Godzilla: King Of The Monsters,774,tt3741700,PG-13,2019-05-31,1.0,0,0,1.0,0,0,0.0,0.0,0.0,0
Aladdin,773,tt6139732,PG,2019-05-24,1.0,0,1,0.0,0,1,0.0,0.0,0.0,0
Brightburn,772,tt7752126,R,2019-05-24,0.0,0,0,0.0,1,0,1.0,0.0,1.0,0
John Wick: Chapter 3 - Parabellum,770,tt6146586,R,2019-05-17,1.0,0,0,0.0,0,0,1.0,0.0,1.0,0
The Souvenir,769,tt6920356,R,2019-05-17,0.0,0,0,0.0,1,0,0.0,0.0,0.0,1
The Sun Is Also A Star,768,tt6423362,PG-13,2019-05-17,0.0,0,0,0.0,1,0,0.0,0.0,0.0,1
Pokemon Detective Pikachu,767,tt5884052,PG,2019-05-10,1.0,0,1,0.0,0,1,0.0,0.0,0.0,0
Long Shot,765,tt2139881,R,2019-05-03,0.0,0,1,0.0,0,0,0.0,0.0,0.0,1
The Curse Of La Llorona,764,tt4913966,R,2019-04-19,0.0,0,0,0.0,0,0,1.0,0.0,1.0,0
Little Woods,763,tt6418918,R,2019-04-19,0.0,0,0,0.0,1,0,1.0,0.0,0.0,0
Hellboy,761,tt0167190,PG-13,2019-04-12,1.0,0,0,1.0,0,0,0.0,0.0,0.0,0
After,760,tt4126476,PG-13,2019-04-12,0.0,0,0,0.0,1,0,0.0,0.0,0.0,1
High Life,759,tt4827558,R,2019-04-05,0.0,0,0,1.0,1,0,0.0,0.0,1.0,0
The Best Of Enemies,758,tt4807408,PG-13,2019-04-05,0.0,0,0,0.0,1,0,0.0,1.0,0.0,0
Shazam!,756,tt0448115,PG-13,2019-04-05,1.0,0,1,0.0,0,0,0.0,0.0,0.0,0
The Beach Bum,755,tt6511932,R,2019-03-29,0.0,0,1,0.0,1,0,0.0,0.0,0.0,0
Dumbo,754,tt3861390,PG,2019-03-29,1.0,0,0,1.0,0,1,0.0,0.0,0.0,0
The Mustang,752,tt5952594,R,2019-03-15,0.0,0,0,0.0,1,0,0.0,0.0,0.0,0
Five Feet Apart,751,tt6472976,PG-13,2019-03-15,0.0,0,0,0.0,1,0,0.0,0.0,0.0,1
Captain Marvel,749,tt4154664,PG-13,2019-03-08,1.0,0,0,1.0,0,0,0.0,0.0,0.0,0
Climax,748,tt8359848,R,2019-03-01,0.0,0,0,0.0,1,0,0.0,0.0,1.0,0
Greta,746,tt2639336,R,2019-03-01,0.0,0,0,0.0,1,0,1.0,0.0,1.0,0
How To Train Your Dragon: The Hidden World,745,tt2386490,PG,2019-02-22,1.0,1,0,0.0,0,0,0.0,0.0,0.0,0
Alita: Battle Angel,744,tt0437086,PG-13,2019-02-14,1.0,0,0,1.0,0,0,0.0,0.0,0.0,0
Gully Boy,743,tt2395469,Not Rated,2019-02-14,0.0,0,0,0.0,1,0,0.0,0.0,0.0,1
Fighting With My Family,742,tt6513120,PG-13,2019-02-14,0.0,0,1,0.0,1,0,0.0,1.0,0.0,0
Isnt It Romantic,741,tt2452244,PG-13,2019-02-13,0.0,0,1,1.0,0,0,0.0,0.0,0.0,0
Happy Death Day 2U,740,tt8155288,PG-13,2019-02-13,0.0,0,1,0.0,0,0,1.0,0.0,1.0,0
Birds Of Passage,739,tt6386748,Not Rated,2019-02-13,0.0,0,0,0.0,1,0,1.0,0.0,0.0,0
Cold Pursuit,738,tt5719748,R,2019-02-08,1.0,0,1,0.0,0,0,1.0,0.0,0.0,0
What Men Want,733,tt7634968,R,2019-02-08,0.0,0,1,1.0,0,0,0.0,0.0,0.0,1
Everybody Knows,735,tt4964788,R,2019-02-08,0.0,0,0,0.0,1,0,1.0,0.0,0.0,0
The Prodigy,734,tt4504044,R,2019-02-08,0.0,0,0,1.0,0,0,1.0,0.0,1.0,0
The Lego Movie 2: The Second Part,732,tt3513498,PG,2019-02-08,1.0,1,1,0.0,0,0,0.0,0.0,0.0,0
Lords Of Chaos,731,tt4669296,R,2019-02-08,0.0,0,0,0.0,1,0,0.0,1.0,1.0,0
Joni 75: A Birthday Celebration,730,tt9748230,,2019-02-07,0.0,0,0,0.0,0,0,0.0,0.0,0.0,0
The Wandering Earth,729,tt7605074,TV-MA,2019-02-05,1.0,0,0,1.0,0,0,0.0,0.0,0.0,0
Miss Bala,728,tt5941692,PG-13,2019-02-01,1.0,0,0,0.0,1,0,1.0,0.0,0.0,0
Arctic,727,tt6820256,PG-13,2019-02-01,1.0,0,0,0.0,1,0,0.0,0.0,0.0,0
The Kid Who Would Be King,726,tt6811018,PG,2019-01-25,1.0,0,0,0.0,0,1,0.0,0.0,0.0,0
Serenity,725,tt0379786,PG-13,2019-01-25,1.0,0,0,1.0,0,0,0.0,0.0,0.0,0
Never Look Away,723,tt5311542,R,2019-01-25,0.0,0,0,0.0,1,0,0.0,1.0,0.0,1
Extreme Job,722,tt9541602,,2019-01-25,0.0,0,1,0.0,0,0,1.0,0.0,0.0,0
The Upside,719,tt1987680,PG-13,2019-01-11,0.0,0,1,0.0,1,0,0.0,0.0,0.0,0
Uri: The Surgical Strike,718,tt8291224,,2019-01-11,1.0,0,0,0.0,1,0,0.0,1.0,0.0,0
Replicas,717,tt4154916,PG-13,2019-01-11,1.0,0,0,1.0,1,0,0.0,0.0,0.0,0
A Dogs Way Home,716,tt7616798,PG,2019-01-11,1.0,0,0,0.0,1,1,0.0,0.0,0.0,0
Modest Heroes,715,tt8223844,PG,2019-01-10,1.0,1,0,0.0,0,1,0.0,0.0,0.0,0
Escape Room,713,tt5886046,PG-13,2019-01-04,1.0,0,0,0.0,0,0,0.0,0.0,1.0,0
Mojin: The Worm Valley,712,tt9490414,,2019-01-04,1.0,0,0,1.0,0,0,0.0,0.0,0.0,0
Simmba,710,tt7212726,,2018-12-28,1.0,0,0,0.0,1,0,1.0,0.0,0.0,0
Holmes And Watson,709,tt1255919,PG-13,2018-12-25,0.0,0,1,0.0,0,0,1.0,0.0,0.0,0
On The Basis Of Sex,707,tt4669788,PG-13,2018-12-25,0.0,0,0,0.0,1,0,0.0,1.0,0.0,0
Destroyer,706,tt7137380,R,2018-12-25,1.0,0,0,0.0,1,0,1.0,0.0,0.0,0
Bumblebee,705,tt4701182,PG-13,2018-12-21,1.0,0,0,1.0,0,0,0.0,0.0,0.0,0
Second Act,703,tt2126357,PG-13,2018-12-21,0.0,0,1,0.0,1,0,0.0,0.0,0.0,1
Aquaman,702,tt1477834,PG-13,2018-12-21,1.0,0,0,1.0,0,0,0.0,0.0,0.0,0
Welcome To Marwen,700,tt3289724,PG-13,2018-12-21,0.0,0,1,0.0,1,0,0.0,1.0,0.0,0
Mary Poppins Returns,699,tt5028340,PG,2018-12-19,1.0,0,1,0.0,0,1,0.0,0.0,0.0,0
The House That Jack Built,697,tt4003440,R,2018-12-14,0.0,0,0,0.0,1,0,1.0,0.0,1.0,0
If Beale Street Could Talk,696,tt7125860,R,2018-12-14,0.0,0,0,0.0,1,0,0.0,0.0,0.0,1
Spider-Man: Into The Spider-Verse,695,tt4633694,PG,2018-12-14,1.0,1,0,0.0,0,0,0.0,0.0,0.0,0
Capernaum,694,tt8267604,R,2018-12-14,0.0,0,0,0.0,1,0,0.0,0.0,0.0,0
Mortal Engines,693,tt1571234,PG-13,2018-12-14,1.0,0,0,1.0,0,0,0.0,0.0,0.0,0
The Mule,692,tt7959026,R,2018-12-14,0.0,0,0,0.0,1,0,1.0,0.0,1.0,0
Mary Queen Of Scots,691,tt2328900,R,2018-12-07,0.0,0,0,0.0,1,0,0.0,1.0,0.0,0
Ben Is Back,690,tt7545524,R,2018-12-07,0.0,0,0,0.0,1,0,0.0,0.0,0.0,0
The Possession Of Hannah Grace,689,tt5734576,R,2018-11-30,0.0,0,0,0.0,0,0,1.0,0.0,1.0,0
2.0 (2018),688,tt5080556,Not Rated,2018-11-29,1.0,0,0,1.0,0,0,0.0,0.0,0.0,0
Shoplifters,687,tt8075192,R,2018-11-23,0.0,0,0,0.0,1,0,1.0,0.0,1.0,0
The Favourite,686,tt5083738,R,2018-11-23,0.0,0,1,0.0,1,0,0.0,1.0,0.0,0
Ralph Breaks The Internet,685,tt5848272,PG,2018-11-21,1.0,1,1,0.0,0,0,0.0,0.0,0.0,0
Creed II,684,tt6343314,PG-13,2018-11-21,1.0,0,0,0.0,1,0,0.0,0.0,0.0,0
Widows,682,tt4218572,R,2018-11-16,0.0,0,0,0.0,1,0,1.0,0.0,1.0,0
Green Book,681,tt6966692,PG-13,2018-11-16,0.0,0,1,0.0,1,0,0.0,1.0,0.0,0
Fantastic Beasts: Crimes Of Grindelwald,680,tt4123430,PG-13,2018-11-16,1.0,0,0,1.0,0,1,0.0,0.0,0.0,0
At Eternitys Gate,679,tt6938828,PG-13,2018-11-16,0.0,0,0,0.0,1,0,0.0,1.0,0.0,0
Indian Horse,678,tt5672286,Not Rated,2018-11-16,0.0,0,0,0.0,1,0,0.0,0.0,0.0,0
Instant Family,677,tt7401588,PG-13,2018-11-16,0.0,0,1,0.0,1,0,0.0,0.0,0.0,0
Overlord,674,tt4530422,R,2018-11-09,1.0,0,0,1.0,0,0,0.0,0.0,1.0,0
Thugs Of Hindostan,672,tt5970844,,2018-11-08,1.0,0,0,0.0,0,0,0.0,0.0,0.0,0
Boy Erased,665,tt7008872,R,2018-11-02,0.0,0,0,0.0,1,0,0.0,1.0,0.0,0
Prospect,669,tt7946422,R,2018-11-02,1.0,0,0,1.0,1,0,0.0,0.0,0.0,0
A Private War,668,tt2368254,R,2018-11-02,0.0,0,0,0.0,1,0,0.0,1.0,0.0,0
Nobodys Fool,667,tt0110684,R,2018-11-02,0.0,0,1,0.0,1,0,0.0,0.0,0.0,0
Bohemian Rhapsody,664,tt1727824,PG-13,2018-11-02,0.0,0,0,0.0,1,0,0.0,1.0,0.0,0
The Nutcracker And The Four Realms,663,tt5523010,PG,2018-11-02,1.0,0,0,1.0,0,1,0.0,0.0,0.0,0
Indivisible,661,tt6512428,PG-13,2018-10-26,0.0,0,0,0.0,1,0,0.0,0.0,0.0,0
Johnny English Strikes Again,660,tt6921996,PG,2018-10-26,1.0,0,1,0.0,0,0,0.0,0.0,0.0,0
Suspiria,659,tt1034415,R,2018-10-26,0.0,0,0,1.0,1,0,0.0,0.0,1.0,0
Hunter Killer,658,tt1846589,R,2018-10-26,1.0,0,0,0.0,0,0,0.0,0.0,1.0,0
What They Had,657,tt6662736,R,2018-10-19,0.0,0,0,0.0,1,0,0.0,0.0,0.0,0
Badhaai Ho,656,tt7725596,,2018-10-19,0.0,0,1,0.0,1,0,0.0,0.0,0.0,0
Wildlife,653,tt5929754,PG-13,2018-10-19,0.0,0,0,0.0,1,0,0.0,0.0,0.0,0
Beautiful Boy,651,tt1226837,R,2018-10-12,0.0,0,0,0.0,1,0,0.0,1.0,0.0,0
Bad Times At The El Royale,650,tt6628394,R,2018-10-12,0.0,0,0,0.0,1,0,1.0,0.0,0.0,0
Gosnell: The Trial Of Americas Biggest Serial Killer,649,tt3722234,PG-13,2018-10-12,0.0,0,0,0.0,1,0,1.0,1.0,0.0,0
Goosebumps 2: Haunted Halloween,648,tt5664636,PG,2018-10-12,1.0,0,1,1.0,0,0,0.0,0.0,0.0,0
First Man,647,tt1213641,PG-13,2018-10-12,0.0,0,0,0.0,1,0,0.0,1.0,0.0,0
A Star Is Born,646,tt1517451,R,2018-10-05,0.0,0,0,0.0,1,0,0.0,0.0,0.0,1
The Hate U Give,645,tt5580266,PG-13,2018-10-05,0.0,0,0,0.0,1,0,1.0,0.0,0.0,0
Venom,644,tt1270797,PG-13,2018-10-05,1.0,0,0,1.0,0,0,0.0,0.0,0.0,0
Night School,643,tt6781982,PG-13,2018-09-28,0.0,0,1,0.0,0,0,0.0,0.0,0.0,0
Hell Fest,641,tt1999890,R,2018-09-28,0.0,0,0,0.0,0,0,1.0,0.0,1.0,0
Little Women (2018),640,tt6495094,PG-13,2018-09-28,0.0,0,0,0.0,1,1,0.0,0.0,0.0,0
Smallfoot,638,tt6182908,PG,2018-09-28,1.0,1,1,0.0,0,0,0.0,0.0,0.0,0
Assassination Nation,636,tt6205872,R,2018-09-21,1.0,0,1,0.0,0,0,1.0,0.0,0.0,0
The Sisters Brothers,634,tt4971344,R,2018-09-21,0.0,0,0,0.0,1,0,0.0,0.0,0.0,0
The House With A Clock In Its Walls,633,tt2119543,PG,2018-09-21,0.0,0,1,1.0,0,1,0.0,0.0,0.0,0
Life Itself,632,tt5989218,R,2018-09-21,0.0,0,0,0.0,1,0,0.0,0.0,0.0,1
Colette,631,tt5437928,R,2018-09-21,0.0,0,0,0.0,1,0,0.0,1.0,0.0,0
The Predator,630,tt3829266,R,2018-09-14,1.0,0,0,1.0,0,0,0.0,0.0,0.0,0
White Boy Rick,628,tt4537896,R,2018-09-14,0.0,0,0,0.0,1,0,1.0,0.0,0.0,0
The Children Act,627,tt6040662,R,2018-09-14,0.0,0,0,0.0,1,0,0.0,0.0,0.0,0
A Simple Favor,626,tt7040874,R,2018-09-14,0.0,0,1,0.0,0,0,1.0,0.0,0.0,0
Unbroken: Path To Redemption,625,tt7339792,PG-13,2018-09-14,0.0,0,0,0.0,1,0,0.0,1.0,0.0,0
The Nun,624,tt5814060,R,2018-09-07,0.0,0,0,0.0,0,0,1.0,0.0,1.0,0
God Bless The Broken Road,623,tt5702446,PG,2018-09-07,0.0,0,0,0.0,1,1,0.0,0.0,0.0,1
Peppermint,622,tt6850820,R,2018-09-07,1.0,0,0,0.0,0,0,0.0,0.0,1.0,0
Ya Veremos,620,tt7948540,PG-13,2018-08-31,0.0,0,0,0.0,1,0,0.0,0.0,0.0,0
Operation Finale,618,tt5208252,PG-13,2018-08-29,0.0,0,0,0.0,1,0,0.0,1.0,0.0,0
A.X.L.,617,tt5709188,PG,2018-08-24,1.0,0,0,0.0,1,0,0.0,0.0,0.0,0
The Bookshop,616,tt3127022,PG,2018-08-24,0.0,0,0,0.0,1,0,0.0,0.0,0.0,0
The Happytime Murders,615,tt1308728,R,2018-08-24,1.0,0,1,0.0,0,0,1.0,0.0,0.0,0
Searching,614,tt7668870,PG-13,2018-08-24,0.0,0,0,0.0,1,0,1.0,0.0,1.0,0
Interview With God An,612,tt5779372,Unrated,2018-08-20,0.0,0,0,0.0,1,0,1.0,0.0,0.0,0
Blaze (2018),611,tt6443294,R,2018-08-17,0.0,0,0,0.0,1,0,0.0,1.0,0.0,0
Alpha,610,tt4244998,PG-13,2018-08-17,1.0,0,0,0.0,1,0,0.0,0.0,0.0,0
Mile 22,609,tt4560436,R,2018-08-17,1.0,0,0,0.0,0,0,0.0,0.0,1.0,0
Juliet Naked,608,tt5607096,R,2018-08-17,0.0,0,1,0.0,1,0,0.0,0.0,0.0,0
Crazy Rich Asians,606,tt3104988,PG-13,2018-08-15,0.0,0,1,0.0,1,0,0.0,0.0,0.0,1
Geetha Govindam,605,tt8590896,,2018-08-14,0.0,0,1,0.0,1,0,0.0,0.0,0.0,1
Slender Man,604,tt5690360,PG-13,2018-08-10,0.0,0,0,0.0,0,0,1.0,0.0,1.0,0
The Meg,603,tt4779682,PG-13,2018-08-10,1.0,0,0,1.0,0,0,0.0,0.0,1.0,0
BlacKkKlansman,602,tt7349662,R,2018-08-10,0.0,0,1,0.0,0,0,1.0,1.0,0.0,0
A Prayer Before Dawn,601,tt4080956,R,2018-08-10,1.0,0,0,0.0,0,0,1.0,1.0,0.0,0
Dog Days,600,tt7365604,PG,2018-08-08,0.0,0,1,0.0,1,0,0.0,0.0,0.0,1
Disneys Christopher Robin,598,tt4575576,PG,2018-08-03,1.0,0,1,0.0,1,0,0.0,0.0,0.0,0
The Spy Who Dumped Me,597,tt6663582,R,2018-08-03,1.0,0,1,0.0,0,0,0.0,0.0,0.0,0
The Darkest Minds,596,tt4073790,PG-13,2018-08-03,1.0,0,0,0.0,1,0,0.0,0.0,0.0,0
Along With The Gods: The Last 49 Days,595,tt8116428,Not Rated,2018-08-01,1.0,0,0,0.0,1,0,0.0,0.0,0.0,0
Puzzle,594,tt6933454,R,2018-07-27,0.0,0,0,0.0,1,0,1.0,0.0,0.0,1
Mission: Impossible - Fallout,593,tt4912910,PG-13,2018-07-27,1.0,0,0,0.0,0,0,0.0,0.0,1.0,0
Teen Titans Go! To The Movies,592,tt7424200,PG,2018-07-27,1.0,1,0,0.0,0,0,0.0,0.0,0.0,0
Blindspotting,590,tt7242142,R,2018-07-20,0.0,0,1,0.0,1,0,1.0,0.0,0.0,0
The Equalizer 2,589,tt3766354,R,2018-07-20,1.0,0,0,0.0,0,0,1.0,0.0,0.0,0
1991,588,tt8264546,,2018-07-20,0.0,0,1,0.0,0,0,0.0,0.0,0.0,0
Unfriended: Dark Web,587,tt4761916,R,2018-07-20,0.0,0,0,0.0,0,0,1.0,0.0,1.0,0
Mamma Mia! Here We Go Again,586,tt6911608,PG-13,2018-07-20,0.0,0,1,0.0,0,0,0.0,0.0,0.0,1
Hotel Transylvania 3: Summer Vacation,584,tt5220122,PG,2018-07-13,1.0,1,1,0.0,0,0,0.0,0.0,0.0,0
Dont Worry He Wont Get Far On Foot,583,tt6288124,R,2018-07-13,0.0,0,1,0.0,1,0,0.0,1.0,0.0,0
Skyscraper,582,tt5758778,PG-13,2018-07-13,1.0,0,0,0.0,0,0,0.0,0.0,1.0,0
Eighth Grade,581,tt7014006,R,2018-07-13,0.0,0,1,0.0,1,0,0.0,0.0,0.0,0
Sorry To Bother You,578,tt5688932,R,2018-07-06,0.0,0,1,1.0,1,0,0.0,0.0,0.0,0
Ant-Man And The Wasp,579,tt5095030,PG-13,2018-07-06,1.0,0,1,0.0,0,0,0.0,0.0,0.0,0
The First Purge,576,tt6133466,R,2018-07-04,1.0,0,0,1.0,0,0,0.0,0.0,1.0,0
Uncle Drew,574,tt7334528,PG-13,2018-06-29,0.0,0,1,0.0,1,0,0.0,0.0,0.0,0
Sanju,573,tt6452574,TV-MA,2018-06-29,0.0,0,1,0.0,1,0,0.0,1.0,0.0,0
Leave No Trace,571,tt3892172,PG,2018-06-29,1.0,0,0,0.0,1,0,0.0,0.0,0.0,0
Jurassic World: Fallen Kingdom,570,tt4881806,PG-13,2018-06-22,1.0,0,0,1.0,0,0,0.0,0.0,0.0,0
The Catcher Was A Spy,569,tt4602066,R,2018-06-22,0.0,0,0,0.0,1,0,0.0,1.0,0.0,0
Tag,568,tt2854926,R,2018-06-15,1.0,0,1,0.0,0,0,0.0,0.0,0.0,0
Race 3,567,tt7431594,Not Rated,2018-06-15,1.0,0,0,0.0,0,0,0.0,0.0,1.0,0
Incredibles 2,566,tt3606756,PG,2018-06-15,1.0,1,0,0.0,0,0,0.0,0.0,0.0,0
Gotti,565,tt0116441,R,2018-06-15,0.0,0,0,0.0,1,0,1.0,1.0,0.0,0
Superfly,564,tt7690670,R,2018-06-13,1.0,0,0,0.0,0,0,1.0,0.0,1.0,0
Hereditary,563,tt7784604,R,2018-06-08,0.0,0,0,0.0,1,0,1.0,0.0,1.0,0
Hearts Beat Loud,560,tt7158430,PG-13,2018-06-08,0.0,0,1,0.0,1,0,0.0,0.0,0.0,0
Hotel Artemis,559,tt5834262,R,2018-06-08,1.0,0,0,0.0,1,0,1.0,0.0,0.0,0
Upgrade,558,tt6499752,R,2018-06-01,1.0,0,0,1.0,0,0,0.0,0.0,1.0,0
American Animals,557,tt6212478,R,2018-06-01,0.0,0,0,0.0,1,0,1.0,1.0,0.0,0
Adrift,556,tt6306064,PG-13,2018-06-01,1.0,0,0,0.0,0,0,0.0,1.0,0.0,0
Veere Di Wedding,555,tt5842616,,2018-06-01,0.0,0,1,0.0,0,0,0.0,0.0,0.0,0
Action Point,554,tt6495770,R,2018-06-01,0.0,0,1,0.0,0,0,0.0,0.0,0.0,0
Solo: A Star Wars Story,553,tt3778644,PG-13,2018-05-25,1.0,0,0,1.0,0,0,0.0,0.0,0.0,0
Book Club,552,tt6857166,PG-13,2018-05-18,0.0,0,1,0.0,1,0,0.0,0.0,0.0,1
First Reformed,551,tt6053438,R,2018-05-18,0.0,0,0,0.0,1,0,1.0,0.0,1.0,0
Deadpool 2,550,tt5463162,R,2018-05-18,1.0,0,1,0.0,0,0,0.0,0.0,0.0,0
Show Dogs,548,tt5691024,,2018-05-18,1.0,0,1,0.0,0,0,1.0,0.0,0.0,0
On Chesil Beach,547,tt1667321,R,2018-05-18,0.0,0,0,0.0,1,0,0.0,0.0,0.0,1
The Seagull,546,tt4682136,PG-13,2018-05-11,0.0,0,1,0.0,1,0,0.0,0.0,0.0,1
Raazi,545,tt7098658,Not Rated,2018-05-11,1.0,0,0,0.0,1,0,0.0,0.0,1.0,0
Life Of The Party,544,tt5619332,PG-13,2018-05-11,0.0,0,1,0.0,0,0,0.0,0.0,0.0,0
Overboard,542,tt0093693,PG,2018-05-04,0.0,0,1,0.0,0,0,0.0,0.0,0.0,1
102 Not Out,541,tt6580564,PG,2018-05-04,0.0,0,1,0.0,1,0,0.0,0.0,0.0,0
Bad Samaritan,540,tt3203528,R,2018-05-04,0.0,0,0,0.0,1,0,1.0,0.0,1.0,0
Tully,539,tt5610554,R,2018-05-04,0.0,0,1,0.0,1,0,1.0,0.0,0.0,0
Avengers: Infinity War,537,tt4154756,PG-13,2018-04-27,1.0,0,0,1.0,0,0,0.0,0.0,0.0,0
Disobedience,536,tt6108178,R,2018-04-27,0.0,0,0,0.0,1,0,0.0,0.0,0.0,0
Traffik,535,tt5670152,R,2018-04-20,1.0,0,0,0.0,0,0,0.0,0.0,1.0,0
Super Troopers 2,534,tt0859635,R,2018-04-20,0.0,0,1,0.0,0,0,1.0,0.0,0.0,0
I Feel Pretty,533,tt6791096,PG-13,2018-04-20,0.0,0,1,0.0,0,0,0.0,0.0,0.0,1
Bharat Ane Nenu,532,tt6980546,Not Rated,2018-04-20,1.0,0,0,0.0,1,0,0.0,0.0,1.0,0
The Rider,531,tt6217608,R,2018-04-13,0.0,0,0,0.0,1,0,0.0,0.0,0.0,0
Rampage,530,tt2231461,PG-13,2018-04-13,1.0,0,0,1.0,0,0,0.0,0.0,0.0,0
Blumhouses Truth Or Dare,529,tt6772950,PG-13,2018-04-13,0.0,0,0,0.0,0,0,1.0,0.0,1.0,0
Sgt. Stubby: An American Hero,528,tt5314190,PG,2018-04-13,1.0,1,0,0.0,0,1,0.0,0.0,0.0,0
Beirut,527,tt4669264,R,2018-04-11,1.0,0,0,0.0,0,0,1.0,0.0,0.0,0
Lean On Pete,526,tt5340300,R,2018-04-06,1.0,0,0,0.0,1,0,0.0,0.0,0.0,0
A Quiet Place,524,tt6644200,PG-13,2018-04-06,0.0,0,0,1.0,1,0,0.0,0.0,1.0,0
You Were Never Really Here,523,tt5742374,R,2018-04-06,0.0,0,0,0.0,1,0,1.0,0.0,1.0,0
Blockers,522,tt2531344,R,2018-04-06,0.0,0,1,0.0,1,0,0.0,0.0,0.0,0
Chappaquiddick,521,tt5270948,PG-13,2018-04-06,0.0,0,0,0.0,1,0,0.0,1.0,0.0,0
The Miracle Season,520,tt5427194,PG,2018-04-06,0.0,0,0,0.0,1,0,0.0,0.0,0.0,0
Gods Not Dead: A Light In Darkness,517,tt6652708,PG,2018-03-30,0.0,0,0,0.0,1,0,0.0,0.0,0.0,0
Baaghi 2,516,tt6843812,Not Rated,2018-03-30,1.0,0,0,0.0,1,0,0.0,0.0,1.0,0
Finding Your Feet,515,tt4538916,PG-13,2018-03-30,0.0,0,1,0.0,1,1,0.0,0.0,0.0,0
Tyler Perrys Acrimony,514,tt6063050,R,2018-03-30,0.0,0,0,0.0,1,0,0.0,0.0,1.0,1
Isle Of Dogs,512,tt5104604,PG-13,2018-03-23,1.0,1,1,0.0,0,0,0.0,0.0,0.0,0
Paul Apostle Of Christ,511,tt7388562,PG-13,2018-03-23,1.0,0,0,0.0,1,0,0.0,1.0,0.0,0
Pacific Rim Uprising,505,tt2557478,PG-13,2018-03-23,1.0,0,0,1.0,0,0,0.0,0.0,0.0,0
Unsane,506,tt7153766,R,2018-03-23,0.0,0,0,0.0,1,0,1.0,0.0,1.0,0
Midnight Sun,508,tt4799066,PG-13,2018-03-23,0.0,0,0,0.0,1,0,0.0,0.0,0.0,1
Sherlock Gnomes,507,tt2296777,PG,2018-03-23,1.0,1,1,0.0,0,0,0.0,0.0,0.0,0
Tomb Raider,504,tt1365519,PG-13,2018-03-16,1.0,0,0,1.0,0,0,0.0,0.0,0.0,0
I Can Only Imagine,502,tt6450186,PG,2018-03-16,0.0,0,0,0.0,1,1,0.0,1.0,0.0,0
7 Days in Entebbe,501,tt8146752,,2018-03-16,1.0,0,0,0.0,1,0,0.0,1.0,0.0,0
Love Simon,500,tt5164432,PG-13,2018-03-16,0.0,0,1,0.0,1,0,0.0,0.0,0.0,1
The Leisure Seeker,499,tt3741632,R,2018-03-09,1.0,0,1,0.0,1,0,0.0,0.0,0.0,0
The Hurricane Heist,498,tt5360952,PG-13,2018-03-09,1.0,0,0,0.0,0,0,1.0,0.0,0.0,0
The Death of Stalin,497,tt4686844,R,2018-03-09,0.0,0,1,0.0,1,0,0.0,1.0,0.0,0
Gringo,496,tt3721964,R,2018-03-09,1.0,0,1,0.0,0,0,1.0,0.0,0.0,0
Thoroughbreds,495,tt5649108,R,2018-03-09,0.0,0,1,0.0,1,0,1.0,0.0,0.0,0
Strangers: Prey At Night,494,tt1285009,R,2018-03-09,0.0,0,0,0.0,0,0,0.0,0.0,1.0,0
A Wrinkle In Time,493,tt1620680,PG,2018-03-09,1.0,0,0,0.0,1,1,0.0,0.0,0.0,0
Red Sparrow,492,tt2873282,R,2018-03-02,1.0,0,0,0.0,1,0,0.0,0.0,1.0,0
Death Wish,491,tt1137450,R,2018-03-02,1.0,0,0,0.0,1,0,1.0,0.0,0.0,0
The Vanishing of Sidney Hall,490,tt1291566,R,2018-03-02,0.0,0,0,0.0,1,0,1.0,0.0,0.0,1
Game Night,489,tt2704998,R,2018-02-23,1.0,0,1,0.0,0,0,0.0,0.0,0.0,0
Annihilation,488,tt2798920,R,2018-02-23,1.0,0,0,0.0,1,0,0.0,0.0,1.0,0
Every Day,487,tt7026672,PG-13,2018-02-23,0.0,0,0,1.0,1,0,0.0,0.0,0.0,1
Sonu Ke Titu Ki Sweety,486,tt7581902,Not Rated,2018-02-23,0.0,0,1,0.0,0,0,0.0,0.0,0.0,1
Operation Red Sea,485,tt6878882,TV-MA,2018-02-23,1.0,0,0,0.0,1,0,0.0,0.0,1.0,0
Detective Chinatown 2,483,tt7752454,R,2018-02-16,1.0,0,1,0.0,0,0,1.0,0.0,0.0,0
Black Panther,482,tt1825683,PG-13,2018-02-16,1.0,0,0,1.0,0,0,0.0,0.0,0.0,0
Early Man,481,tt4701724,PG,2018-02-16,1.0,1,1,0.0,0,0,0.0,0.0,0.0,0
Samson,480,tt6951892,PG-13,2018-02-16,1.0,0,0,0.0,1,0,0.0,0.0,0.0,0
Boda De Valentina La,479,tt4823538,R,2018-02-09,0.0,0,1,0.0,0,0,0.0,0.0,0.0,1
Fifty Shades Freed,478,tt4477536,R,2018-02-09,0.0,0,0,0.0,1,0,1.0,0.0,0.0,1
Peter Rabbit,477,tt5117670,PG,2018-02-09,1.0,1,1,0.0,0,0,0.0,0.0,0.0,0
The 15:17 To Paris,476,tt6802308,PG-13,2018-02-09,0.0,0,0,0.0,1,0,0.0,1.0,1.0,0
Pad Man,475,tt7218518,PG-13,2018-02-09,0.0,0,1,0.0,1,0,0.0,0.0,0.0,0
A Fantastic Woman,474,tt5639354,R,2018-02-02,0.0,0,0,0.0,1,0,0.0,0.0,0.0,0
Winchester,473,tt1072748,PG-13,2018-02-02,0.0,0,0,1.0,0,0,0.0,1.0,1.0,0
Maze Runner: The Death Cure,472,tt4500922,PG-13,2018-01-26,1.0,0,0,1.0,0,0,0.0,0.0,0.0,0
Padmaavat,471,tt5935704,Not Rated,2018-01-25,0.0,0,0,0.0,1,0,0.0,1.0,0.0,0
Mary And The Witchs Flower,470,tt6336356,PG,2018-01-19,1.0,1,0,0.0,0,1,0.0,0.0,0.0,0
Forever My Girl,469,tt4103724,PG,2018-01-19,0.0,0,1,0.0,1,0,0.0,0.0,0.0,0
12 Strong,468,tt1413492,R,2018-01-19,1.0,0,0,0.0,1,0,0.0,1.0,0.0,0
Den Of Thieves,467,tt1259528,R,2018-01-19,1.0,0,0,0.0,1,0,1.0,0.0,0.0,0
Proud Mary,466,tt6421110,R,2018-01-12,1.0,0,0,0.0,1,0,1.0,0.0,0.0,0
Paddington 2,465,tt4468740,PG,2018-01-12,1.0,0,1,0.0,0,1,0.0,0.0,0.0,0
The Insult,464,tt7048622,R,2018-01-12,0.0,0,0,0.0,1,0,1.0,0.0,1.0,0
The Commuter,463,tt1590193,PG-13,2018-01-12,1.0,0,0,0.0,0,0,1.0,0.0,1.0,0
Insidious: The Last Key,462,tt5726086,PG-13,2018-01-05,0.0,0,0,0.0,0,0,1.0,0.0,1.0,0
Film Stars Dont Die In Liverpool,461,tt5711148,R,2017-12-29,0.0,0,0,0.0,1,0,0.0,1.0,0.0,1
All The Money In The World,460,tt5294550,R,2017-12-25,0.0,0,0,0.0,1,0,1.0,1.0,0.0,0
Mollys Game,458,tt4209788,R,2017-12-25,0.0,0,0,0.0,1,0,1.0,1.0,0.0,0
Downsizing,456,tt1389072,R,2017-12-22,0.0,0,0,1.0,1,0,0.0,0.0,0.0,0
Father Figures,455,tt1966359,R,2017-12-22,0.0,0,1,0.0,1,0,0.0,0.0,0.0,0
Along With The Gods: The Two Worlds,454,tt7160070,Not Rated,2017-12-22,1.0,0,0,0.0,1,0,0.0,0.0,0.0,0
Hostiles,453,tt5478478,R,2017-12-22,0.0,0,0,0.0,1,0,0.0,0.0,0.0,0
The Post,452,tt6294822,PG-13,2017-12-22,0.0,0,0,0.0,1,0,0.0,1.0,0.0,0
Tiger Zinda Hai,451,tt5956100,Not Rated,2017-12-22,1.0,0,0,0.0,0,0,0.0,0.0,1.0,0
Pitch Perfect 3,450,tt4765284,PG-13,2017-12-22,0.0,0,1,0.0,0,0,0.0,0.0,0.0,0
The Greatest Showman,449,tt1485796,PG,2017-12-20,0.0,0,0,0.0,1,0,0.0,1.0,0.0,0
Jumanji: Welcome To The Jungle,448,tt2283362,PG-13,2017-12-20,1.0,0,1,0.0,0,0,0.0,0.0,0.0,0
Star Wars: The Last Jedi,447,tt2527336,PG-13,2017-12-15,1.0,0,0,1.0,0,0,0.0,0.0,0.0,0
Ferdinand,446,tt3411444,PG,2017-12-15,1.0,1,1,0.0,0,0,0.0,0.0,0.0,0
The Ballad of Lefty Brown,444,tt4400994,R,2017-12-15,1.0,0,0,0.0,1,0,0.0,0.0,0.0,0
Just Getting Started,443,tt5721088,PG-13,2017-12-08,0.0,0,1,0.0,0,0,1.0,0.0,0.0,0
I Tonya,442,tt5580036,R,2017-12-08,0.0,0,1,0.0,1,0,0.0,1.0,0.0,0
The Disaster Artist,441,tt3521126,R,2017-12-08,0.0,0,1,0.0,1,0,0.0,1.0,0.0,0
The Shape Of Water,440,tt5580390,R,2017-12-01,0.0,0,0,1.0,1,0,0.0,0.0,0.0,1
Wonder Wheel,439,tt5825380,PG-13,2017-12-01,0.0,0,0,0.0,1,0,0.0,0.0,0.0,1
Call Me By Your Name,438,tt5726616,R,2017-11-24,0.0,0,0,0.0,1,0,0.0,0.0,0.0,1
Coco,437,tt2380307,PG,2017-11-22,1.0,1,0,0.0,1,0,0.0,0.0,0.0,0
The Man Who Invented Christmas,436,tt6225520,PG,2017-11-22,0.0,0,1,0.0,1,0,0.0,1.0,0.0,0
Darkest Hour,435,tt4555426,PG-13,2017-11-22,0.0,0,0,0.0,1,0,0.0,1.0,0.0,0
Wonder,434,tt2543472,PG,2017-11-17,0.0,0,0,0.0,1,1,0.0,0.0,0.0,0
Justice League,432,tt0974015,PG-13,2017-11-17,1.0,0,0,1.0,0,0,0.0,0.0,0.0,0
Roman J. Israel Esq.,431,tt6000478,PG-13,2017-11-17,0.0,0,0,0.0,1,0,1.0,0.0,1.0,0
Murder On The Orient Express,430,tt3402236,PG-13,2017-11-10,0.0,0,0,0.0,1,0,1.0,0.0,0.0,0
Daddys Home 2,429,tt5657846,PG-13,2017-11-10,0.0,0,1,0.0,0,0,0.0,0.0,0.0,0
Three Billboards Outside Ebbing Missouri,428,tt5027774,R,2017-11-10,0.0,0,1,0.0,1,0,1.0,0.0,0.0,0
My Friend Dahmer,427,tt2291540,R,2017-11-03,0.0,0,0,0.0,1,0,0.0,1.0,1.0,0
Lady Bird,426,tt4925292,R,2017-11-03,0.0,0,1,0.0,1,0,0.0,0.0,0.0,0
LBJ,424,tt4778988,R,2017-11-03,0.0,0,0,0.0,1,0,0.0,1.0,0.0,0
A Bad Moms Christmas,423,tt6359956,R,2017-11-01,0.0,0,1,0.0,0,0,0.0,0.0,0.0,0
1945,422,tt5815492,,2017-11-01,0.0,0,0,0.0,1,0,0.0,0.0,0.0,0
Let There Be Light,421,tt5804314,PG-13,2017-10-27,0.0,0,0,0.0,1,0,0.0,0.0,0.0,0
Suburbicon,420,tt0491175,R,2017-10-27,0.0,0,1,0.0,1,0,1.0,0.0,0.0,0
Jigsaw,419,tt3348730,R,2017-10-27,0.0,0,0,0.0,0,0,1.0,0.0,1.0,0
The Square,418,tt4995790,R,2017-10-27,0.0,0,1,0.0,1,0,0.0,0.0,0.0,0
Same Kind Of Different As Me,416,tt1230168,PG-13,2017-10-20,0.0,0,0,0.0,1,0,0.0,1.0,0.0,0
The Snowman,415,tt1758810,R,2017-10-20,0.0,0,0,0.0,1,0,1.0,0.0,1.0,0
Golmaal Again,414,tt1806913,Not Rated,2017-10-20,1.0,0,1,0.0,0,0,0.0,0.0,1.0,0
The Killing Of A Sacred Deer,412,tt5715874,R,2017-10-20,0.0,0,0,0.0,1,0,1.0,0.0,1.0,0
Geostorm,411,tt1981128,PG-13,2017-10-20,1.0,0,0,1.0,0,0,0.0,0.0,1.0,0
Wonderstruck,410,tt5208216,PG,2017-10-20,1.0,0,0,0.0,1,0,1.0,0.0,0.0,0
Only The Brave,409,tt3829920,PG-13,2017-10-20,1.0,0,0,0.0,1,0,0.0,1.0,0.0,0
Tyler Perrys Boo 2! A Madea Halloween,408,tt6217804,PG-13,2017-10-20,0.0,0,1,0.0,1,0,0.0,0.0,1.0,0
Goodbye Christopher Robin,407,tt1653665,PG,2017-10-13,0.0,0,0,0.0,1,1,0.0,1.0,0.0,0
Happy Death Day,406,tt5308322,PG-13,2017-10-13,0.0,0,1,0.0,0,0,1.0,0.0,1.0,0
Professor Marston & The Wonder Women,405,tt6133130,R,2017-10-13,0.0,0,0,0.0,1,0,0.0,1.0,0.0,0
Marshall,404,tt5301662,PG-13,2017-10-13,0.0,0,0,0.0,1,0,1.0,1.0,0.0,0
Breathe (2017),403,tt5716464,PG-13,2017-10-13,0.0,0,0,0.0,1,0,0.0,1.0,0.0,1
The Foreigner,402,tt1615160,R,2017-10-13,1.0,0,0,0.0,0,0,1.0,0.0,1.0,0
My Little Pony: The Movie,401,tt4131800,PG,2017-10-06,1.0,1,1,0.0,0,0,0.0,0.0,0.0,0
The Stray,400,tt5342904,PG,2017-10-06,0.0,0,0,0.0,1,1,0.0,0.0,0.0,0
Walking Out,399,tt5420886,PG-13,2017-10-06,1.0,0,0,0.0,1,0,1.0,0.0,0.0,0
The Florida Project,398,tt5649144,R,2017-10-06,0.0,0,0,0.0,1,0,0.0,0.0,0.0,0
The Mountain Between Us,397,tt2226597,PG-13,2017-10-06,0.0,0,0,0.0,1,0,0.0,0.0,1.0,0
Blade Runner 2049,396,tt1856101,R,2017-10-06,1.0,0,0,0.0,1,0,1.0,0.0,0.0,0
Flatliners,395,tt0099582,R,2017-09-29,0.0,0,0,1.0,1,0,0.0,0.0,1.0,0
American Made,394,tt3532216,R,2017-09-29,1.0,0,1,0.0,0,0,1.0,0.0,0.0,0
A Question Of Faith,393,tt6054650,PG,2017-09-29,0.0,0,0,0.0,1,0,0.0,0.0,0.0,0
Never Say Die,392,tt0095721,,2017-09-29,1.0,0,1,0.0,0,0,0.0,0.0,0.0,0
Stronger,390,tt3881784,R,2017-09-22,0.0,0,0,0.0,1,0,0.0,1.0,0.0,0
The Lego Ninjago Movie,389,tt3014284,PG,2017-09-22,1.0,1,0,0.0,0,0,0.0,0.0,0.0,0
Battle Of The Sexes,388,tt4622512,PG-13,2017-09-22,0.0,0,1,0.0,1,0,0.0,1.0,0.0,0
Kingsman: The Golden Circle,387,tt4649466,R,2017-09-22,1.0,0,1,0.0,0,0,0.0,0.0,0.0,0
mother!,386,tt5109784,R,2017-09-15,0.0,0,0,0.0,1,0,1.0,0.0,1.0,0
Brads Status,385,tt5884230,R,2017-09-15,0.0,0,1,0.0,1,0,0.0,0.0,0.0,0
American Assassin,384,tt1961175,R,2017-09-15,1.0,0,0,0.0,0,0,0.0,0.0,1.0,0
It (2017),383,tt1396484,R,2017-09-08,0.0,0,0,0.0,0,0,0.0,0.0,1.0,0
Rebel In The Rye,382,tt4986134,PG-13,2017-09-08,0.0,0,0,0.0,1,0,0.0,1.0,0.0,1
Tulip Fever,381,tt0491203,R,2017-09-01,0.0,0,0,0.0,1,0,0.0,1.0,0.0,1
Viceroys House,380,tt4977530,Not Rated,2017-09-01,0.0,0,0,0.0,1,0,0.0,1.0,0.0,0
Leap!,379,tt2261287,PG,2017-08-25,1.0,1,0,0.0,0,1,0.0,0.0,0.0,0
The Hitmans Bodyguard,378,tt1959563,R,2017-08-18,1.0,0,1,0.0,0,0,1.0,0.0,0.0,0
Logan Lucky,377,tt5439796,PG-13,2017-08-18,1.0,0,1,0.0,0,0,1.0,0.0,0.0,0
Patti Cake$,376,tt6288250,R,2017-08-18,0.0,0,0,0.0,1,0,0.0,0.0,0.0,0
Annabelle: Creation,375,tt5140878,R,2017-08-11,0.0,0,0,0.0,0,0,1.0,0.0,1.0,0
The Glass Castle,373,tt2378507,PG-13,2017-08-11,0.0,0,0,0.0,1,0,0.0,1.0,0.0,0
Ingrid Goes West,372,tt5962210,R,2017-08-11,0.0,0,1,0.0,1,0,0.0,0.0,0.0,0
Good Time,371,tt4846232,R,2017-08-11,0.0,0,0,0.0,1,0,1.0,0.0,1.0,0
The Trip To Spain,370,tt6193424,Unrated,2017-08-11,1.0,0,1,0.0,1,0,0.0,0.0,0.0,0
Kidnap,369,tt1458169,R,2017-08-04,1.0,0,0,0.0,0,0,1.0,0.0,1.0,0
Wind River,367,tt5362988,R,2017-08-04,0.0,0,0,0.0,1,0,1.0,0.0,0.0,0
Detroit,364,tt5390504,R,2017-07-28,0.0,0,0,0.0,1,0,1.0,1.0,0.0,0
Atomic Blonde,363,tt2406566,R,2017-07-28,1.0,0,0,0.0,0,0,0.0,0.0,1.0,0
Girls Trip,362,tt3564472,R,2017-07-21,1.0,0,1,0.0,1,0,0.0,0.0,0.0,0
Wish Upon,360,tt5322012,PG-13,2017-07-14,0.0,0,0,1.0,1,0,0.0,0.0,1.0,0
War For The Planet Of The Apes,359,tt3450958,PG-13,2017-07-14,1.0,0,0,0.0,1,0,0.0,0.0,0.0,0
Endless Poetry,358,tt4451458,Unrated,2017-07-14,0.0,0,0,1.0,1,0,0.0,1.0,0.0,0
Spider-Man: Homecoming,357,tt2250912,PG-13,2017-07-07,1.0,0,0,1.0,0,0,0.0,0.0,0.0,0
A Ghost Story,356,tt6265828,R,2017-07-07,0.0,0,0,1.0,1,0,1.0,0.0,0.0,0
Despicable Me 3,355,tt3469046,PG,2017-06-30,1.0,1,1,0.0,0,0,0.0,0.0,0.0,0
The Little Hours,354,tt5666304,R,2017-06-30,0.0,0,1,0.0,0,0,0.0,0.0,0.0,1
Baby Driver,352,tt3890160,R,2017-06-28,1.0,0,0,0.0,1,0,1.0,0.0,0.0,0
The Beguiled,351,tt5592248,R,2017-06-23,0.0,0,0,0.0,1,0,0.0,1.0,1.0,0
The Big Sick,350,tt5462602,R,2017-06-23,0.0,0,1,0.0,1,0,0.0,0.0,0.0,1
Journey The (2017),348,tt5273624,PG-13,2017-06-16,1.0,0,1,1.0,0,0,0.0,0.0,0.0,0
The Book Of Henry,347,tt4572792,PG-13,2017-06-16,0.0,0,0,0.0,1,0,1.0,0.0,1.0,0
All Eyez On Me,346,tt1666185,R,2017-06-16,0.0,0,0,0.0,1,0,0.0,1.0,0.0,0
Cars 3,345,tt3606752,G,2017-06-16,1.0,1,1,0.0,0,0,0.0,0.0,0.0,0
Rough Night,344,tt4799050,R,2017-06-16,0.0,0,1,0.0,0,0,0.0,0.0,0.0,0
My Cousin Rachel,343,tt4411596,PG-13,2017-06-09,0.0,0,0,0.0,1,0,1.0,0.0,0.0,1
Megan Leavey,342,tt4899370,PG-13,2017-06-09,1.0,0,0,0.0,1,0,0.0,1.0,0.0,0
Beatriz At Dinner,341,tt5929750,R,2017-06-09,0.0,0,1,0.0,1,0,0.0,0.0,0.0,0
It Comes At Night,340,tt4695012,R,2017-06-09,0.0,0,0,0.0,1,0,1.0,0.0,1.0,0
3 Idiotas,339,tt3685624,PG-13,2017-06-02,0.0,0,1,0.0,0,0,0.0,0.0,0.0,0
Wonder Woman,338,tt0451279,PG-13,2017-06-02,1.0,0,0,1.0,0,0,0.0,0.0,0.0,0
The Exception,337,tt4721124,R,2017-06-02,0.0,0,0,0.0,1,0,0.0,1.0,0.0,1
Captain Underpants: The First Epic Movie,336,tt2091256,PG,2017-06-02,1.0,1,0,0.0,0,0,0.0,0.0,0.0,0
Band Aid,335,tt5816374,R,2017-06-02,0.0,0,1,0.0,1,0,0.0,0.0,0.0,0
Dean,334,tt3914332,PG-13,2017-06-02,0.0,0,1,0.0,1,0,0.0,0.0,0.0,1
Pirates Caribbean:Dead Men Tell No Tales,332,tt1790809,PG-13,2017-05-26,1.0,0,0,1.0,0,0,0.0,0.0,0.0,0
Diary Of A Wimpy Kid: The Long Haul,330,tt6003368,PG,2017-05-19,1.0,0,1,0.0,0,1,0.0,0.0,0.0,0
Alien: Covenant,329,tt2316204,R,2017-05-19,0.0,0,0,1.0,0,0,0.0,0.0,1.0,0
Wakefield,328,tt5195412,R,2017-05-19,0.0,0,0,0.0,1,0,0.0,0.0,0.0,0
Snatched,326,tt2334871,R,2017-05-12,1.0,0,1,0.0,0,0,0.0,0.0,0.0,0
King Arthur: Legend Of The Sword,325,tt1972591,PG-13,2017-05-12,1.0,0,0,0.0,1,0,0.0,0.0,0.0,0
Guardians Of The Galaxy Vol. 2,323,tt3896198,PG-13,2017-05-05,1.0,0,1,0.0,0,0,0.0,0.0,0.0,0
How To Be A Latin Lover,321,tt4795124,PG-13,2017-04-28,0.0,0,1,0.0,1,0,0.0,0.0,0.0,0
Free Fire,319,tt4158096,R,2017-04-21,1.0,0,1,0.0,0,0,1.0,0.0,0.0,0
The Lost City Of Z,317,tt1212428,PG-13,2017-04-14,1.0,0,0,0.0,1,0,0.0,1.0,0.0,0
Gifted,316,tt4481414,PG-13,2017-04-07,0.0,0,0,0.0,1,0,0.0,0.0,0.0,0
Smurfs: The Lost Village,314,tt2398241,PG,2017-04-07,1.0,1,1,0.0,0,0,0.0,0.0,0.0,0
Going In Style,313,tt2568862,PG-13,2017-04-07,0.0,0,1,0.0,0,0,1.0,0.0,0.0,0
The Zookeepers Wife,312,tt1730768,PG-13,2017-03-31,0.0,0,0,0.0,1,0,0.0,1.0,0.0,0
Ghost In The Shell,311,tt1219827,PG-13,2017-03-31,1.0,0,0,0.0,1,0,1.0,0.0,0.0,0
The Boss Baby,310,tt3874544,PG,2017-03-31,1.0,1,1,0.0,0,0,0.0,0.0,0.0,0
Power Rangers,306,tt3717490,PG-13,2017-03-24,1.0,0,0,1.0,0,0,0.0,0.0,0.0,0
The Belko Experiment,305,tt1082807,R,2017-03-17,0.0,0,0,0.0,0,0,0.0,0.0,1.0,0
Beauty And The Beast,304,tt2771200,PG,2017-03-17,1.0,0,0,1.0,0,1,0.0,0.0,0.0,0
Song To Song,303,tt2062700,R,2017-03-17,0.0,0,0,0.0,1,0,0.0,0.0,0.0,1
Kong: Skull Island,302,tt3731562,PG-13,2017-03-10,1.0,0,0,1.0,0,0,0.0,0.0,0.0,0
The Sense Of An Ending,301,tt4827986,PG-13,2017-03-10,0.0,0,0,0.0,1,0,1.0,0.0,0.0,0
Table 19,300,tt1412528,PG-13,2017-03-03,0.0,0,1,0.0,1,0,0.0,0.0,0.0,1
The Shack,298,tt2872518,PG-13,2017-03-03,0.0,0,0,1.0,1,0,0.0,0.0,0.0,0
The Last Word,297,tt5023260,R,2017-03-03,0.0,0,1,0.0,1,0,0.0,0.0,0.0,0
Rock Dog,296,tt2822672,PG,2017-02-24,1.0,1,1,0.0,0,0,0.0,0.0,0.0,0
Get Out,294,tt5052448,R,2017-02-24,0.0,0,0,0.0,0,0,1.0,0.0,1.0,0
Everybody Loves Somebody,293,tt5537228,PG-13,2017-02-17,0.0,0,1,0.0,0,0,0.0,0.0,0.0,1
A Cure For Wellness,292,tt4731136,R,2017-02-17,0.0,0,0,1.0,1,0,0.0,0.0,1.0,0
Fist Fight,291,tt3401882,R,2017-02-17,0.0,0,1,0.0,0,0,0.0,0.0,0.0,0
The Lego Batman Movie,290,tt4116284,PG,2017-02-10,1.0,1,0,0.0,0,0,0.0,0.0,0.0,0
Fifty Shades Darker,289,tt4465564,R,2017-02-10,0.0,0,0,0.0,1,0,1.0,0.0,0.0,1
John Wick: Chapter Two,288,tt4425200,R,2017-02-10,1.0,0,0,0.0,0,0,1.0,0.0,1.0,0
A United Kingdom,287,tt3387266,PG-13,2017-02-10,0.0,0,0,0.0,1,0,0.0,1.0,0.0,0
Trespass Against Us,285,tt3305308,R,2017-01-20,1.0,0,0,0.0,1,0,1.0,0.0,0.0,0
20th Century Women,284,tt4385888,R,2016-12-28,0.0,0,1,0.0,1,0,0.0,0.0,0.0,0
Fences,283,tt2671706,PG-13,2016-12-16,0.0,0,0,0.0,1,0,0.0,0.0,0.0,0
La La Land,281,tt3783958,PG-13,2016-12-09,0.0,0,1,0.0,1,0,0.0,0.0,0.0,0
Office Christmas Party,280,tt1711525,R,2016-12-09,0.0,0,1,0.0,0,0,0.0,0.0,0.0,0
Jackie,279,tt0119396,R,2016-12-02,0.0,0,0,0.0,1,0,1.0,0.0,1.0,0
Lion,278,tt3741834,PG-13,2016-11-25,0.0,0,0,0.0,1,0,0.0,1.0,0.0,0
Rules Dont Apply,276,tt1974420,PG-13,2016-11-23,0.0,0,1,0.0,1,0,0.0,0.0,0.0,1
Bad Santa 2,275,tt1798603,R,2016-11-23,0.0,0,1,0.0,1,0,1.0,0.0,0.0,0
Allied,274,tt3640424,R,2016-11-23,1.0,0,0,0.0,1,0,0.0,0.0,0.0,1
Manchester By The Sea,273,tt4034228,R,2016-11-18,0.0,0,0,0.0,1,0,0.0,0.0,0.0,0
Fantastic Beasts And Where To Find Them,272,tt3183660,PG-13,2016-11-18,1.0,0,0,1.0,0,1,0.0,0.0,0.0,0
Nocturnal Animals,271,tt4550098,R,2016-11-18,0.0,0,0,0.0,1,0,0.0,0.0,1.0,0
Almost Christmas,269,tt4649416,PG-13,2016-11-11,0.0,0,1,0.0,1,0,0.0,0.0,0.0,1
Doctor Strange,268,tt1211837,PG-13,2016-11-04,1.0,0,0,1.0,0,0,0.0,0.0,0.0,0
Trolls,267,tt1679335,PG,2016-11-04,1.0,1,1,0.0,0,0,0.0,0.0,0.0,0
Loving,266,tt4669986,PG-13,2016-11-04,0.0,0,0,0.0,1,0,0.0,1.0,0.0,1
Hacksaw Ridge,265,tt2119532,R,2016-11-02,0.0,0,0,0.0,1,0,0.0,1.0,0.0,0
Inferno,264,tt3062096,PG-13,2016-10-28,1.0,0,0,0.0,0,0,1.0,0.0,0.0,0
American Pastoral,262,tt0376479,R,2016-10-21,0.0,0,0,0.0,1,0,1.0,0.0,0.0,0
Keeping Up With The Joneses,261,tt2387499,PG-13,2016-10-21,1.0,0,1,0.0,0,0,0.0,0.0,0.0,0
Ouija: Origin Of Evil,260,tt4361050,PG-13,2016-10-21,0.0,0,0,0.0,1,0,1.0,0.0,1.0,0
Moonlight,259,tt4975722,R,2016-10-21,0.0,0,0,0.0,1,0,0.0,0.0,0.0,0
The Handmaiden,257,tt4016934,Not Rated,2016-10-21,0.0,0,0,0.0,1,0,0.0,0.0,1.0,1
The Accountant,256,tt2140479,R,2016-10-14,1.0,0,0,0.0,1,0,1.0,0.0,0.0,0
The Birth Of A Nation,255,tt4196450,R,2016-10-07,0.0,0,0,0.0,1,0,0.0,1.0,0.0,0
Middle School:The Worst Years Of My Life,254,tt4981636,PG,2016-10-07,0.0,0,1,0.0,0,1,0.0,0.0,0.0,0
Denial,253,tt4645330,PG-13,2016-09-30,0.0,0,0,0.0,1,0,0.0,1.0,0.0,0
Deepwater Horizon,252,tt1860357,PG-13,2016-09-30,1.0,0,0,0.0,1,0,0.0,1.0,0.0,0
Miss Peregrines Home For Peculiar Chldn,251,tt1935859,PG-13,2016-09-30,1.0,0,0,0.0,1,1,0.0,0.0,0.0,0
American Honey,250,tt3721936,R,2016-09-30,1.0,0,0,0.0,1,0,0.0,0.0,0.0,1
Storks,249,tt4624424,PG,2016-09-23,1.0,1,1,0.0,0,0,0.0,0.0,0.0,0
Queen Of Katwe,248,tt4341582,PG,2016-09-23,0.0,0,0,0.0,1,0,0.0,1.0,0.0,0
The Dressmaker,247,tt2910904,R,2016-09-23,0.0,0,1,0.0,1,0,0.0,0.0,0.0,0
Bridget Joness Baby,245,tt1473832,R,2016-09-16,0.0,0,1,0.0,1,0,0.0,0.0,0.0,1
Sully,244,tt3263904,PG-13,2016-09-09,0.0,0,0,0.0,1,0,0.0,1.0,0.0,0
No Manches Frida,242,tt5259966,PG-13,2016-09-02,0.0,0,1,0.0,0,0,0.0,0.0,0.0,1
The Light Between Oceans,241,tt2547584,PG-13,2016-09-02,0.0,0,0,0.0,1,0,0.0,0.0,0.0,1
Morgan,240,tt4520364,R,2016-09-02,1.0,0,0,1.0,0,0,0.0,0.0,1.0,0
Mechanic: Resurrection,239,tt3522806,R,2016-08-26,1.0,0,0,0.0,0,0,0.0,0.0,1.0,0
Hands Of Stone,238,tt1781827,R,2016-08-26,0.0,0,0,0.0,1,0,0.0,1.0,0.0,0
Kubo And The Two Strings,236,tt4302938,PG,2016-08-19,1.0,1,0,0.0,0,0,0.0,0.0,0.0,0
War Dogs,235,tt2005151,R,2016-08-19,0.0,0,1,0.0,0,0,1.0,1.0,0.0,0
Sausage Party,234,tt1700841,R,2016-08-12,1.0,1,1,0.0,0,0,0.0,0.0,0.0,0
Petes Dragon,233,tt2788732,PG,2016-08-12,1.0,0,1,0.0,0,0,0.0,0.0,0.0,0
Hell Or High Water,231,tt2582782,R,2016-08-12,0.0,0,0,0.0,1,0,1.0,0.0,1.0,0
Anthropoid,230,tt4190530,R,2016-08-12,1.0,0,0,0.0,1,0,0.0,1.0,0.0,0
Suicide Squad (2016),228,tt1386697,PG-13,2016-08-05,1.0,0,0,1.0,0,0,0.0,0.0,0.0,0
Bad Moms,227,tt4651520,R,2016-07-29,0.0,0,1,0.0,0,0,0.0,0.0,0.0,0
Into The Forest,226,tt2625810,R,2016-07-29,0.0,0,0,1.0,1,0,0.0,0.0,1.0,0
Jason Bourne,225,tt4196776,PG-13,2016-07-29,1.0,0,0,0.0,0,0,0.0,0.0,1.0,0
Nerve,224,tt3531824,PG-13,2016-07-27,1.0,0,0,0.0,1,0,1.0,0.0,0.0,0
Ice Age: Collision Course,223,tt3416828,PG,2016-07-22,1.0,1,1,0.0,0,0,0.0,0.0,0.0,0
Train To Busan,221,tt5700672,Not Rated,2016-07-22,1.0,0,0,0.0,0,0,0.0,0.0,1.0,0
Dont Think Twice,220,tt4972062,R,2016-07-22,0.0,0,1,0.0,1,0,0.0,0.0,0.0,0
Absolutely Fabulous: The Movie,219,tt2112096,R,2016-07-22,0.0,0,1,0.0,0,0,1.0,0.0,0.0,0
Cafe Society,218,tt4513674,PG-13,2016-07-15,0.0,0,1,0.0,1,0,0.0,0.0,0.0,1
The Infiltrator,216,tt1355631,R,2016-07-13,0.0,0,0,0.0,1,0,1.0,1.0,0.0,0
Captain Fantastic,215,tt3553976,R,2016-07-08,0.0,0,1,0.0,1,0,0.0,0.0,0.0,0
The Secret Life Of Pets,214,tt2709768,PG,2016-07-08,1.0,1,1,0.0,0,0,0.0,0.0,0.0,0
Mike And Dave Need Wedding Dates,213,tt2823054,R,2016-07-08,0.0,0,1,0.0,0,0,0.0,0.0,0.0,1
The Legend Of Tarzan,212,tt0918940,PG-13,2016-07-01,1.0,0,0,0.0,1,0,0.0,0.0,0.0,0
The BFG,211,tt3691740,PG,2016-07-01,1.0,0,0,1.0,0,1,0.0,0.0,0.0,0
The Neon Demon,210,tt1974419,R,2016-06-24,0.0,0,0,0.0,0,0,0.0,0.0,1.0,0
Swiss Army Man,209,tt4034354,R,2016-06-24,0.0,0,1,1.0,1,0,0.0,0.0,0.0,0
Independence Day: Resurgence,208,tt1628841,PG-13,2016-06-24,1.0,0,0,1.0,0,0,0.0,0.0,0.0,0
Finding Dory,206,tt2277860,PG,2016-06-17,1.0,1,1,0.0,0,0,0.0,0.0,0.0,0
Now You See Me 2,205,tt3110958,PG-13,2016-06-10,1.0,0,1,0.0,0,0,0.0,0.0,0.0,0
Warcraft,204,tt0803096,PG-13,2016-06-10,1.0,0,0,1.0,0,0,0.0,0.0,0.0,0
The Conjuring 2,202,tt3065204,R,2016-06-10,0.0,0,0,0.0,0,0,1.0,0.0,1.0,0
Me Before You,201,tt2674426,PG-13,2016-06-03,0.0,0,0,0.0,1,0,0.0,0.0,0.0,1
Popstar: Never Stop Never Stopping,200,tt3960412,R,2016-06-03,0.0,0,1,0.0,1,0,0.0,0.0,0.0,0
X-Men: Apocalypse,199,tt3385516,PG-13,2016-05-27,1.0,0,0,1.0,0,0,0.0,0.0,0.0,0
Alice Through The Looking Glass,198,tt2567026,PG,2016-05-27,1.0,0,0,1.0,0,1,0.0,0.0,0.0,0
The Nice Guys,196,tt3799694,R,2016-05-20,1.0,0,1,0.0,0,0,1.0,0.0,0.0,0
Neighbors 2: Sorority Rising,195,tt4438848,R,2016-05-20,0.0,0,1,0.0,0,0,0.0,0.0,0.0,0
The Lobster,194,tt3464902,R,2016-05-13,0.0,0,0,1.0,1,0,0.0,0.0,0.0,1
Captain America: Civil War,193,tt3498820,PG-13,2016-05-06,1.0,0,0,1.0,0,0,0.0,0.0,0.0,0
A Bigger Splash,192,tt2056771,R,2016-05-04,0.0,0,0,0.0,1,0,0.0,0.0,1.0,0
Keanu,190,tt4139124,R,2016-04-29,1.0,0,1,0.0,0,0,1.0,0.0,0.0,0
The Man Who Knew Infinity,188,tt0787524,PG-13,2016-04-29,0.0,0,0,0.0,1,0,0.0,1.0,0.0,0
Compadres,186,tt3367294,R,2016-04-22,1.0,0,1,0.0,0,0,1.0,0.0,0.0,0
Tale Of Tales,185,tt3278330,R,2016-04-22,0.0,0,0,1.0,1,0,0.0,0.0,1.0,0
Green Room,184,tt4062536,R,2016-04-15,0.0,0,0,0.0,0,0,1.0,0.0,1.0,0
Sing Street,183,tt3544112,PG-13,2016-04-15,0.0,0,1,0.0,1,0,0.0,0.0,0.0,0
The Jungle Book,182,tt3040964,PG,2016-04-15,1.0,1,0,0.0,0,0,0.0,0.0,0.0,0
Criminal,181,tt3014866,R,2016-04-15,1.0,0,0,1.0,0,0,0.0,0.0,1.0,0
The Adderall Diaries,180,tt1735907,R,2016-04-15,0.0,0,0,0.0,1,0,1.0,0.0,0.0,0
Barbershop: The Next Cut,179,tt3628584,PG-13,2016-04-15,0.0,0,1,0.0,1,0,0.0,0.0,0.0,0
Demolition,178,tt1172049,R,2016-04-08,0.0,0,1,0.0,1,0,0.0,0.0,0.0,0
My Big Fat Greek Wedding 2,177,tt3760922,PG-13,2016-03-25,0.0,0,1,0.0,0,0,0.0,0.0,0.0,1
Born To Be Blue,176,tt2133196,R,2016-03-25,0.0,0,0,0.0,1,0,0.0,1.0,0.0,0
Batman V Superman: Dawn Of Justice,175,tt2975590,R,2016-03-25,1.0,0,0,1.0,0,0,0.0,0.0,0.0,0
The Divergent Series: Allegiant,174,tt5593820,,2016-03-18,1.0,0,0,1.0,0,0,0.0,0.0,0.0,0
Midnight Special,172,tt2649554,PG-13,2016-03-18,0.0,0,0,1.0,1,0,1.0,0.0,0.0,0
Miracles From Heaven,171,tt4257926,PG,2016-03-16,0.0,0,0,0.0,1,1,0.0,1.0,0.0,0
The Perfect Match,170,tt4871980,R,2016-03-11,0.0,0,1,0.0,0,0,0.0,0.0,0.0,1
10 Cloverfield Lane,169,tt1179933,PG-13,2016-03-11,0.0,0,0,1.0,1,0,0.0,0.0,1.0,0
Eye In The Sky,168,tt2057392,R,2016-03-11,1.0,0,0,0.0,1,0,0.0,0.0,1.0,0
The Young Messiah,167,tt1002563,PG-13,2016-03-11,0.0,0,0,1.0,1,0,0.0,0.0,0.0,0
Knight Of Cups,165,tt2101383,R,2016-03-04,0.0,0,0,1.0,1,0,0.0,0.0,0.0,1
Zootopia,163,tt2948356,PG,2016-03-04,1.0,1,0,0.0,0,0,0.0,0.0,0.0,0
London Has Fallen,162,tt3300542,R,2016-03-04,1.0,0,0,0.0,0,0,0.0,0.0,1.0,0
Gods Of Egypt,161,tt2404233,PG-13,2016-02-26,1.0,0,0,0.0,1,0,0.0,0.0,0.0,0
Eddie The Eagle,160,tt1083452,PG-13,2016-02-26,1.0,0,1,0.0,0,0,0.0,1.0,0.0,0
Risen,158,tt3231054,PG-13,2016-02-19,1.0,0,0,0.0,1,0,0.0,1.0,0.0,0
Busco Novio Para Mi Mujer,157,tt5321942,PG-13,2016-02-19,0.0,0,1,0.0,0,0,0.0,0.0,0.0,1
How To Be Single,154,tt1292566,R,2016-02-12,0.0,0,1,0.0,1,0,0.0,0.0,0.0,1
Hail Caesar!,153,tt0475290,PG-13,2016-02-05,0.0,0,1,0.0,1,0,1.0,0.0,0.0,0
Choice The (2016),152,tt3797868,PG-13,2016-02-05,0.0,0,0,0.0,1,0,0.0,0.0,0.0,1
Kung Fu Panda 3,151,tt2267968,PG,2016-01-29,1.0,1,0,0.0,0,0,0.0,0.0,0.0,0
The Finest Hours,150,tt2025690,PG-13,2016-01-29,1.0,0,0,0.0,1,0,0.0,1.0,0.0,0
Jane Got A Gun,149,tt2140037,R,2016-01-29,1.0,0,0,0.0,1,0,1.0,0.0,0.0,0
Dirty Grandpa,148,tt1860213,R,2016-01-22,0.0,0,1,0.0,0,0,0.0,0.0,0.0,0
13 Hours:The Secret Soldiers Of Benghazi,147,tt4172430,R,2016-01-15,1.0,0,0,0.0,1,0,0.0,1.0,0.0,0
Ride Along 2,146,tt2869728,PG-13,2016-01-15,1.0,0,1,0.0,0,0,1.0,0.0,0.0,0
Norm Of The North,145,tt1594972,PG,2016-01-15,1.0,1,1,0.0,0,0,0.0,0.0,0.0,0
The Revenant,140,tt1663202,R,2015-12-25,1.0,0,0,0.0,1,0,0.0,0.0,0.0,0
The Hateful Eight,139,tt3460252,R,2015-12-25,0.0,0,0,0.0,1,0,1.0,0.0,0.0,0
Concussion,137,tt3322364,PG-13,2015-12-25,0.0,0,0,0.0,1,0,0.0,1.0,0.0,0
45 Years,136,tt3544082,R,2015-12-23,0.0,0,0,0.0,1,0,0.0,0.0,0.0,1
Alvin And The Chipmunks: The Road Chip,135,tt2974918,PG,2015-12-18,1.0,0,1,0.0,0,1,0.0,0.0,0.0,0
Star Wars: The Force Awakens,134,tt2488496,PG-13,2015-12-18,1.0,0,0,1.0,0,0,0.0,0.0,0.0,0
In The Heart Of The Sea,133,tt1390411,PG-13,2015-12-11,1.0,0,0,0.0,0,0,0.0,1.0,0.0,0
The Big Short,132,tt1596363,R,2015-12-11,0.0,0,1,0.0,1,0,0.0,1.0,0.0,0
Youth (2015),131,tt3312830,R,2015-12-04,0.0,0,1,0.0,1,0,0.0,0.0,0.0,0
Krampus,130,tt3850590,PG-13,2015-12-04,0.0,0,1,1.0,0,0,0.0,0.0,1.0,0
Macbeth (2015),129,tt2884018,R,2015-12-04,0.0,0,0,0.0,1,0,0.0,1.0,0.0,0
The Danish Girl,128,tt0810819,R,2015-11-27,0.0,0,0,0.0,1,0,0.0,1.0,0.0,0
Creed,127,tt3076658,PG-13,2015-11-25,1.0,0,0,0.0,1,0,0.0,0.0,0.0,0
The Good Dinosaur,125,tt1979388,PG,2015-11-25,1.0,1,0,0.0,0,0,0.0,0.0,0.0,0
Legend,124,tt3569230,R,2015-11-20,0.0,0,0,0.0,1,0,1.0,1.0,0.0,0
The Hunger Games: Mockingjay Part 2,123,tt1951266,PG-13,2015-11-20,1.0,0,0,1.0,0,0,0.0,0.0,0.0,0
The 33,118,tt2006295,PG-13,2015-11-13,0.0,0,0,0.0,1,0,0.0,1.0,0.0,0
Love The Coopers,119,tt2279339,PG-13,2015-11-13,0.0,0,1,1.0,0,0,0.0,0.0,0.0,1
My All American,117,tt3719896,PG,2015-11-13,0.0,0,0,0.0,1,0,0.0,1.0,0.0,0
The Peanuts Movie,116,tt2452042,G,2015-11-06,1.0,1,1,0.0,0,0,0.0,0.0,0.0,0
Spectre,115,tt2379713,PG-13,2015-11-06,1.0,0,0,0.0,0,0,0.0,0.0,1.0,0
Trumbo,114,tt3203606,R,2015-11-06,0.0,0,0,0.0,1,0,0.0,1.0,0.0,0
Burnt,112,tt2503944,R,2015-10-30,0.0,0,1,0.0,1,0,0.0,0.0,0.0,0
The Last Witch Hunter,110,tt1618442,PG-13,2015-10-23,1.0,0,0,1.0,0,0,0.0,0.0,0.0,0
Jem And The Holograms,109,tt3614530,PG,2015-10-23,1.0,0,0,0.0,1,1,0.0,0.0,0.0,0
Suffragette,108,tt3077214,PG-13,2015-10-23,0.0,0,0,0.0,1,0,0.0,1.0,0.0,0
Bridge Of Spies,106,tt3682448,PG-13,2015-10-16,0.0,0,0,0.0,1,0,0.0,1.0,1.0,0
Crimson Peak,105,tt2554274,R,2015-10-16,0.0,0,0,0.0,1,0,1.0,0.0,1.0,0
Room,104,tt3170832,R,2015-10-16,0.0,0,0,0.0,1,0,0.0,0.0,1.0,0
Pan,102,tt3332064,PG,2015-10-09,1.0,0,1,0.0,0,1,0.0,0.0,0.0,0
The Martian,100,tt3659388,PG-13,2015-10-02,1.0,0,0,1.0,1,0,0.0,0.0,0.0,0
Sicario,99,tt3397884,R,2015-10-02,1.0,0,0,0.0,1,0,1.0,0.0,0.0,0
Freeheld,97,tt1658801,PG-13,2015-10-02,0.0,0,0,0.0,1,0,0.0,1.0,0.0,1
Hotel Transylvania 2,95,tt2510894,PG,2015-09-25,1.0,1,1,0.0,0,0,0.0,0.0,0.0,0
99 Homes,94,tt2891174,R,2015-09-25,0.0,0,0,0.0,1,0,1.0,0.0,0.0,0
Mississippi Grind,93,tt2349144,R,2015-09-25,0.0,0,1,0.0,1,0,0.0,0.0,0.0,0
The Intern,92,tt2361509,PG-13,2015-09-25,0.0,0,1,0.0,1,0,0.0,0.0,0.0,0
Everest (2015),91,tt2719848,PG-13,2015-09-18,1.0,0,0,0.0,1,0,0.0,1.0,0.0,0
Maze Runner: The Scorch Trials,90,tt4046784,PG-13,2015-09-18,1.0,0,0,1.0,0,0,0.0,0.0,0.0,0
Black Mass,89,tt1355683,R,2015-09-18,0.0,0,0,0.0,1,0,1.0,1.0,0.0,0
Pawn Sacrifice,88,tt1596345,PG-13,2015-09-16,0.0,0,0,0.0,1,0,0.0,1.0,0.0,0
Gallo con Muchos Huevos Un,86,tt4643580,PG,2015-09-04,1.0,1,1,0.0,0,0,0.0,0.0,0.0,0
A Walk In The Woods,85,tt1178665,R,2015-09-02,1.0,0,1,0.0,0,0,0.0,1.0,0.0,0
We Are Your Friends,84,tt3787590,R,2015-08-28,0.0,0,0,0.0,1,0,0.0,0.0,0.0,1
No Escape,83,tt1781922,R,2015-08-26,1.0,0,0,0.0,0,0,0.0,0.0,1.0,0
Hitman: Agent 47,82,tt2679042,R,2015-08-21,1.0,0,0,0.0,0,0,1.0,0.0,0.0,0
Sinister 2 (2015),81,tt2752772,R,2015-08-21,0.0,0,0,0.0,0,0,1.0,0.0,1.0,0
American Ultra,80,tt3316948,R,2015-08-21,1.0,0,1,0.0,0,0,0.0,0.0,0.0,0
Learning To Drive,79,tt3062976,R,2015-08-21,0.0,0,1,0.0,1,0,0.0,0.0,0.0,1
Mistress America,78,tt2872462,R,2015-08-14,0.0,0,1,0.0,1,0,0.0,0.0,0.0,0
Straight Outta Compton,77,tt1398426,R,2015-08-14,0.0,0,0,0.0,1,0,0.0,1.0,0.0,0
Man From U.N.C.L.E.,76,tt1638355,PG-13,2015-08-14,1.0,0,1,0.0,0,0,0.0,0.0,0.0,0
Dark Places,74,tt7897330,R,2015-08-07,0.0,0,0,0.0,1,0,1.0,0.0,0.0,0
Shaun The Sheep Movie,73,tt2872750,PG,2015-08-05,1.0,1,1,0.0,0,0,0.0,0.0,0.0,0
The Young And Prodigious T.S. Spivet,72,tt1981107,PG,2015-07-31,1.0,0,1,0.0,1,0,0.0,0.0,0.0,0
Vacation,70,tt1524930,R,2015-07-29,1.0,0,1,0.0,0,0,0.0,0.0,0.0,0
Phoenix (2015),69,tt4936574,,2015-07-24,0.0,0,0,0.0,1,0,0.0,1.0,0.0,0
Paper Towns,68,tt3622592,PG-13,2015-07-24,1.0,0,1,0.0,1,0,0.0,0.0,0.0,0
Southpaw,67,tt1798684,R,2015-07-24,1.0,0,0,0.0,1,0,0.0,0.0,0.0,0
The Vatican Tapes,66,tt1524575,PG-13,2015-07-24,0.0,0,0,0.0,0,0,0.0,0.0,1.0,0
Trainwreck,64,tt3152624,R,2015-07-17,0.0,0,1,0.0,1,0,0.0,0.0,0.0,1
Ant-Man,63,tt0478970,PG-13,2015-07-17,1.0,0,1,1.0,0,0,0.0,0.0,0.0,0
Self/Less,61,tt2140379,PG-13,2015-07-10,1.0,0,0,1.0,0,0,1.0,0.0,0.0,0
Minions,60,tt2293640,PG,2015-07-10,1.0,1,1,0.0,0,0,0.0,0.0,0.0,0
EO,1099,tt19652910,Not Rated,2022-11-18,0.0,0,0,0.0,1,0,0.0,0.0,0.0,0
65,1132,tt12261776,PG-13,2023-03-10,1.0,0,0,1.0,0,0,0.0,0.0,0.0,0
Ma,775,tt7958736,R,2019-05-31,0.0,0,0,0.0,0,0,1.0,0.0,1.0,0
Us,753,tt6857112,R,2019-03-22,0.0,0,0,0.0,0,0,1.0,0.0,1.0,0
The Bad Guys 2,1470,tt30017619,,2025-08-01,0.0,0,0,0.0,0,0,0.0,0.0,0.0,0
The Unbreakable Boy,1429,tt5181260,PG,2025-02-21,0.0,0,0,0.0,1,0,0.0,0.0,0.0,0
Captain America: Brave New World,1426,tt14513804,PG-13,2025-02-14,1.0,0,0,1.0,0,0,0.0,0.0,0.0,0
Wolf Man,1413,tt4216984,R,2025-01-17,0.0,0,0,0.0,0,0,0.0,0.0,1.0,0
Nosferatu,1406,tt5040012,R,2024-12-25,0.0,0,0,1.0,0,0,1.0,0.0,1.0,0
Here,1377,tt18272208,PG-13,2024-11-01,0.0,0,0,0.0,1,0,0.0,0.0,0.0,0
Daddio,1300,tt7461686,R,2024-06-28,0.0,0,0,0.0,1,0,0.0,0.0,0.0,0
Solo,1279,tt27715185,,2024-05-24,0.0,0,0,0.0,1,0,0.0,0.0,0.0,1
Immaculate,1254,tt23137390,R,2024-03-22,0.0,0,0,0.0,0,0,0.0,0.0,1.0,0
Origin,1238,tt13321244,PG-13,2024-01-19,0.0,0,0,0.0,1,0,0.0,1.0,0.0,0
Mean Girls,1235,tt11762114,PG-13,2024-01-12,0.0,0,1,0.0,0,0,0.0,0.0,0.0,0
Napoleon,1216,tt13287846,R,2023-11-22,1.0,0,0,0.0,0,0,0.0,1.0,0.0,0
Priscilla,1210,tt22041854,R,2023-11-03,0.0,0,0,0.0,1,0,0.0,1.0,0.0,0
Barbie,1177,tt1517268,PG-13,2023-07-21,1.0,0,1,1.0,0,0,0.0,0.0,0.0,0
Elemental,1169,tt15789038,PG,2023-06-16,1.0,1,1,0.0,0,0,0.0,0.0,0.0,0
The Machine,1162,tt11040844,R,2023-05-26,1.0,0,1,0.0,0,0,0.0,0.0,0.0,0
Emily,1128,tt12374656,R,2023-02-17,0.0,0,0,0.0,1,0,0.0,1.0,0.0,0
Knock at the Cabin,1126,tt15679400,R,2023-02-03,0.0,0,0,0.0,0,0,1.0,0.0,1.0,0
Missing,1121,tt10855768,PG-13,2023-01-20,0.0,0,0,0.0,1,0,1.0,0.0,1.0,0
The Son,1106,tt14458442,PG-13,2022-11-25,0.0,0,0,0.0,1,0,0.0,0.0,0.0,0
Till,1088,tt4960748,PG-13,2022-10-14,0.0,0,0,0.0,1,0,1.0,1.0,0.0,0
Lyle Lyle Crocodile,1085,tt14668630,PG,2022-10-07,1.0,0,1,0.0,0,1,0.0,0.0,0.0,0
Tar,1082,tt14444726,R,2022-10-07,0.0,0,0,0.0,1,0,0.0,0.0,0.0,0
Gods Country,1078,tt11818818,R,2022-09-16,0.0,0,0,0.0,0,0,0.0,0.0,1.0,0
Bodies Bodies Bodies,1064,tt8110652,R,2022-08-12,0.0,0,1,0.0,0,0,1.0,0.0,1.0,0
Vengeance,1062,tt11976532,R,2022-07-29,0.0,0,1,0.0,0,0,1.0,0.0,0.0,0
Jurassic World Dominion,1047,tt8041270,PG-13,2022-06-10,1.0,0,0,1.0,0,0,0.0,0.0,0.0,0
Men,1044,tt13841850,R,2022-05-20,0.0,0,0,1.0,1,0,0.0,0.0,1.0,0
The Worst Person in the World,1019,tt10370710,R,2022-02-04,0.0,0,1,0.0,1,0,0.0,0.0,0.0,1
Scream,1018,tt11245972,R,2022-01-14,0.0,0,0,0.0,0,0,1.0,0.0,1.0,0
The 355,1017,tt8356942,PG-13,2022-01-07,1.0,0,0,0.0,0,0,0.0,0.0,1.0,0
The Kings Man,1012,tt6856242,R,2021-12-22,1.0,0,0,0.0,0,0,0.0,0.0,1.0,0
Cmon Cmon,998,tt10986222,R,2021-11-19,0.0,0,0,0.0,1,0,0.0,0.0,0.0,0
The French Dispatch,988,tt8847712,R,2021-10-29,0.0,0,1,0.0,1,0,0.0,0.0,0.0,1
The Card Counter,979,tt11196036,R,2021-09-10,0.0,0,0,0.0,1,0,1.0,0.0,1.0,0
Mortal Kombat,955,tt0293429,R,2021-04-23,1.0,0,0,1.0,0,0,0.0,0.0,0.0,0
The Unholy,953,tt9419056,PG-13,2021-04-02,0.0,0,0,0.0,1,0,1.0,0.0,1.0,0
Freaky,937,tt10919380,R,2020-11-13,0.0,0,1,0.0,0,0,0.0,0.0,1.0,0
The Nest,923,tt8338762,R,2020-09-18,0.0,0,0,0.0,1,0,0.0,0.0,1.0,1
The Turning,902,tt7510346,PG-13,2020-01-24,0.0,0,0,0.0,1,0,1.0,0.0,1.0,0
The Grudge (2020),898,tt16425368,,2020-01-03,0.0,0,0,0.0,1,0,0.0,0.0,0.0,0
Cats,892,tt5697572,PG,2019-12-20,0.0,0,1,0.0,1,1,0.0,0.0,0.0,0
Portrait Of A Lady On Fire,884,tt8613070,R,2019-12-06,0.0,0,0,0.0,1,0,0.0,0.0,0.0,1
Charlies Angels,874,tt5033998,PG-13,2019-11-15,1.0,0,1,0.0,0,0,0.0,0.0,0.0,0
Harriet,870,tt4648786,PG-13,2019-11-01,1.0,0,0,0.0,1,0,0.0,1.0,0.0,0
Frankie,866,tt8019694,PG-13,2019-10-25,0.0,0,0,0.0,1,0,0.0,0.0,0.0,1
Jay & Silent Bob Reboot,856,tt6521876,R,2019-10-15,1.0,0,1,0.0,0,0,0.0,0.0,0.0,0
The Addams Family,852,tt1620981,PG,2019-10-11,0.0,1,1,0.0,0,1,0.0,0.0,0.0,0
Downton Abbey,830,tt6398184,PG,2019-09-20,0.0,0,0,0.0,1,0,0.0,0.0,0.0,1
Dream Girl,827,tt9248940,,2019-09-13,0.0,0,1,0.0,0,0,0.0,0.0,0.0,1
The Sound Of Silence,822,tt9352926,Unrated,2019-09-13,0.0,0,0,0.0,1,0,0.0,0.0,0.0,0
Dont Let Go,810,tt6803212,R,2019-08-30,0.0,0,0,0.0,1,0,1.0,0.0,1.0,0
After The Wedding,804,tt7985692,PG-13,2019-08-09,0.0,0,0,0.0,1,0,0.0,0.0,0.0,0
Fast & Furious Presents: Hobbs & Shaw,798,tt6806448,PG-13,2019-08-02,1.0,0,0,0.0,0,0,0.0,0.0,1.0,0
Midsommar,788,tt8772262,R,2019-07-03,0.0,0,0,0.0,1,0,1.0,0.0,1.0,0
Childs Play,785,tt5203760,,2019-06-21,0.0,0,0,1.0,0,0,0.0,0.0,1.0,0
The Fall Of The American Empire,778,tt7231342,R,2019-05-31,0.0,0,1,0.0,1,0,1.0,0.0,0.0,0
Booksmart,771,tt1489887,R,2019-05-24,0.0,0,1,0.0,0,0,0.0,0.0,0.0,0
Tolkien,766,tt3361792,PG-13,2019-05-10,0.0,0,0,0.0,1,0,0.0,1.0,0.0,1
Pet Sematary,757,tt0837563,R,2019-04-05,0.0,0,0,0.0,0,0,1.0,0.0,1.0,0
Gloria Bell,750,tt6902696,R,2019-03-08,0.0,0,1,0.0,1,0,0.0,0.0,0.0,0
To Dust,736,tt7117594,R,2019-02-08,0.0,0,1,0.0,1,0,0.0,0.0,0.0,0
The Invisibles,724,tt14872806,,2019-01-25,0.0,0,0,1.0,0,0,0.0,0.0,0.0,0
Glass,721,tt6823368,PG-13,2019-01-18,0.0,0,0,1.0,1,0,0.0,0.0,1.0,0
Dragon Ball Super: Broly,720,tt7961060,PG,2019-01-16,1.0,1,0,0.0,0,0,0.0,0.0,0.0,0
Stan And Ollie,711,tt3385524,PG,2018-12-28,0.0,0,1,0.0,1,0,0.0,1.0,0.0,0
Zero,704,tt6527426,Not Rated,2018-12-21,0.0,0,1,0.0,1,0,0.0,0.0,0.0,1
Cold War,701,tt6543652,R,2018-12-21,0.0,0,0,0.0,1,0,0.0,0.0,0.0,1
Robin Hood,683,tt4532826,PG-13,2018-11-21,1.0,0,0,0.0,1,0,0.0,0.0,0.0,0
Dr. Seuss The Grinch,675,tt2709692,PG,2018-11-09,0.0,1,1,0.0,0,1,0.0,0.0,0.0,0
The Girl In The Spiders Web,673,tt5177088,R,2018-11-09,1.0,0,0,0.0,0,0,1.0,0.0,0.0,0
The Front Runner,671,tt7074886,R,2018-11-06,0.0,0,0,0.0,1,0,0.0,1.0,0.0,0
Halloween,655,tt1502407,R,2018-10-19,0.0,0,0,0.0,1,0,1.0,0.0,1.0,0
Mid90s,654,tt5613484,R,2018-10-19,0.0,0,1,0.0,1,0,0.0,0.0,0.0,0
Can You Ever Forgive Me?,652,tt4595882,R,2018-10-19,0.0,0,1,0.0,0,0,1.0,1.0,0.0,0
My Hero Academia: Two Heroes,637,tt7745068,PG-13,2018-09-25,1.0,1,0,0.0,0,0,0.0,0.0,0.0,0
Kin,621,tt6017942,PG-13,2018-08-31,1.0,0,0,1.0,1,0,0.0,0.0,0.0,0
The Little Stranger,619,tt6859762,R,2018-08-31,0.0,0,0,0.0,1,0,1.0,0.0,1.0,0
Papillon,613,tt5093026,R,2018-08-24,1.0,0,0,0.0,0,0,1.0,1.0,0.0,0
The Wife,607,tt3750872,R,2018-08-17,0.0,0,0,0.0,1,0,0.0,0.0,0.0,0
Oceans 8,561,tt5164214,PG-13,2018-06-08,1.0,0,1,0.0,0,0,1.0,0.0,0.0,0
Breaking In,543,tt7137846,PG-13,2018-05-11,1.0,0,0,0.0,0,0,0.0,0.0,1.0,0
The Last Movie Star,519,tt5836316,R,2018-03-30,0.0,0,0,0.0,1,0,0.0,0.0,0.0,0
Love After Love,518,tt5457078,,2018-03-30,0.0,0,0,0.0,1,0,0.0,0.0,0.0,1
Ready Player One,513,tt1677720,PG-13,2018-03-29,1.0,0,0,1.0,0,0,0.0,0.0,0.0,0
Raid,503,tt7363076,Not Rated,2018-03-16,0.0,0,0,0.0,1,0,1.0,0.0,1.0,0
Nostalgia,484,tt6456222,R,2018-02-16,0.0,0,0,0.0,1,0,0.0,0.0,0.0,0
Phantom Thread,459,tt5776858,R,2017-12-25,0.0,0,0,0.0,1,0,0.0,0.0,0.0,1
Youth,445,tt3312830,R,2017-12-15,0.0,0,1,0.0,1,0,0.0,0.0,0.0,0
The Star,433,tt4587656,PG,2017-11-17,1.0,1,1,0.0,0,0,0.0,0.0,0.0,0
Thor: Ragnarok,425,tt3501632,PG-13,2017-11-03,1.0,0,1,0.0,0,0,0.0,0.0,0.0,0
Thank You For Your Service,417,tt2776878,R,2017-10-27,0.0,0,0,0.0,1,0,0.0,1.0,0.0,0
Victoria And Abdul,391,tt5816682,PG-13,2017-09-22,0.0,0,1,0.0,1,0,0.0,1.0,0.0,0
Menashe,365,tt6333086,PG,2017-07-28,0.0,0,0,0.0,1,0,0.0,0.0,0.0,0
Dunkirk,361,tt5013056,PG-13,2017-07-21,1.0,0,0,0.0,1,0,0.0,1.0,0.0,0
The House,353,tt4481514,R,2017-06-30,0.0,0,1,0.0,0,0,1.0,0.0,0.0,0
Baywatch,331,tt1469304,R,2017-05-25,1.0,0,1,0.0,0,0,1.0,0.0,0.0,0
The Lovers,324,tt1321869,R,2017-05-05,1.0,0,0,0.0,0,0,0.0,0.0,0.0,1
Chuck,322,tt1610525,R,2017-05-05,0.0,0,0,0.0,1,0,0.0,1.0,0.0,0
Unforgettable,318,tt3462710,R,2017-04-21,0.0,0,0,0.0,1,0,0.0,0.0,1.0,0
Life,309,tt5442430,R,2017-03-24,0.0,0,0,1.0,0,0,0.0,0.0,1.0,0
Chips,307,tt0493405,R,2017-03-24,1.0,0,1,0.0,0,0,1.0,0.0,0.0,0
Logan,299,tt3315342,R,2017-03-03,1.0,0,0,1.0,1,0,0.0,0.0,0.0,0
Rings,286,tt0498381,PG-13,2017-02-03,0.0,0,0,0.0,1,0,1.0,0.0,1.0,0
The Monster,270,tt3976144,R,2016-11-11,0.0,0,0,1.0,1,0,0.0,0.0,1.0,0
Tyler Perrys Boo! A Madea Halloween,258,tt5325452,PG-13,2016-10-21,0.0,0,1,0.0,1,0,0.0,0.0,1.0,0
Blair Witch,246,tt1540011,R,2016-09-16,0.0,0,0,0.0,0,0,1.0,0.0,1.0,0
The Wild Life,243,tt4731008,PG,2016-09-09,1.0,1,1,0.0,0,0,0.0,0.0,0.0,0
Lights Out,222,tt4786282,PG-13,2016-07-22,0.0,0,0,0.0,0,0,1.0,0.0,1.0,0
Ghostbusters,217,tt0087332,PG,2016-07-15,1.0,0,1,1.0,0,0,0.0,0.0,0.0,0
Central Intelligence,207,tt1489889,PG-13,2016-06-17,1.0,0,1,0.0,0,0,1.0,0.0,0.0,0
Ratchet And Clank,191,tt2865120,PG,2016-04-29,1.0,1,0,0.0,0,0,0.0,0.0,0.0,0
Krisha,173,tt4266638,R,2016-03-18,0.0,0,0,0.0,1,0,0.0,0.0,0.0,0
Remember,166,tt3704050,R,2016-03-11,0.0,0,0,0.0,1,0,1.0,0.0,1.0,0
The Other Side Of The Door,164,tt3702652,R,2016-03-04,0.0,0,0,0.0,0,0,0.0,0.0,1.0,0
Witch The (2016),159,tt4263482,R,2016-02-19,0.0,0,0,1.0,1,0,0.0,0.0,1.0,0
Race,156,tt3499096,PG-13,2016-02-19,0.0,0,0,0.0,1,0,0.0,1.0,0.0,0
Forest The (2016),143,tt3387542,PG-13,2016-01-08,0.0,0,0,0.0,0,0,1.0,0.0,1.0,0
Joy,141,tt2446980,PG-13,2015-12-25,0.0,0,0,0.0,1,0,0.0,1.0,0.0,0
Point Break,138,tt2058673,PG-13,2015-12-25,1.0,0,0,0.0,0,0,1.0,0.0,0.0,0
Victor Frankenstein,126,tt1976009,PG-13,2015-11-25,0.0,0,0,1.0,1,0,0.0,0.0,1.0,0
Carol,122,tt2402927,R,2015-11-20,0.0,0,0,0.0,1,0,0.0,0.0,0.0,1
Brooklyn,113,tt2381111,PG-13,2015-11-04,0.0,0,0,0.0,1,0,0.0,0.0,0.0,1
Our Brand Is Crisis,111,tt1018765,R,2015-10-30,0.0,0,1,0.0,1,0,0.0,0.0,0.0,0
Steve Jobs,103,tt2080374,R,2015-10-09,0.0,0,0,0.0,1,0,0.0,1.0,0.0,0
Ladrones,101,tt4296800,PG-13,2015-10-09,0.0,0,1,0.0,0,0,0.0,0.0,0.0,0
The Walk,96,tt3488710,PG,2015-09-30,1.0,0,0,0.0,1,0,0.0,1.0,0.0,0
Fantastic Four,75,tt1502712,PG-13,2015-08-07,1.0,0,0,1.0,0,0,0.0,0.0,0.0,0
The End Of The Tour,71,tt3416744,R,2015-07-31,0.0,0,0,0.0,1,0,0.0,1.0,0.0,0
Samba (2015),65,tt3399024,R,2015-07-24,0.0,0,1,0.0,1,0,0.0,0.0,0.0,1
The Gallows,62,tt2309260,R,2015-07-10,0.0,0,0,0.0,0,0,1.0,0.0,1.0,0
Inside Out 2,1288,tt22022452,PG,2024-06-14,1.0,1,1,0.0,0,0,0.0,0.0,0.0,0
80 for Brady,1125,tt18079362,PG-13,2023-02-03,0.0,0,1,0.0,1,0,0.0,0.0,0.0,0
Voyagers,954,tt9664108,PG-13,2021-04-09,1.0,0,0,1.0,0,0,1.0,0.0,0.0,0
Tom & Jerry,948,tt1361336,PG,2021-02-26,1.0,1,1,0.0,0,0,0.0,0.0,0.0,0
Vice,708,tt6266538,R,2018-12-25,0.0,0,1,0.0,1,0,0.0,1.0,0.0,0
The Old Man & The Gun,642,tt2837574,PG-13,2018-09-28,0.0,0,0,0.0,1,0,1.0,1.0,0.0,0
Mandy,629,tt6998518,Not Rated,2018-09-14,1.0,0,0,1.0,0,0,0.0,0.0,1.0,0
Sicario: Day Of The Soldado,575,tt5052474,R,2018-06-29,1.0,0,0,0.0,1,0,1.0,0.0,0.0,0
Transformers: The Last Knight,349,tt3371366,PG-13,2017-06-21,1.0,0,0,1.0,0,0,0.0,0.0,0.0,0
Wilson (dir. Johnson),308,tt1781058,R,2017-03-24,0.0,0,1,0.0,1,0,0.0,0.0,0.0,0
Goosebumps,107,tt1051904,PG,2015-10-16,1.0,0,1,1.0,0,0,0.0,0.0,0.0,0
Dog,1026,tt11252248,PG-13,2022-02-18,0.0,0,1,0.0,1,0,0.0,0.0,0.0,0
Dune,987,tt1160419,PG-13,2021-10-22,1.0,0,0,0.0,1,0,0.0,0.0,0.0,0
Escape Room 2,920,tt9844522,PG-13,2020-08-14,1.0,0,0,0.0,0,0,0.0,0.0,1.0,0
Sonic The Hedgehog,910,tt3794354,PG,2020-02-14,1.0,0,1,0.0,0,0,0.0,0.0,0.0,0
Blumhouse Fantasy Island Horror,909,tt0983946,PG-13,2020-02-14,0.0,0,0,1.0,0,0,1.0,0.0,1.0,0
The Lion King,794,tt6105098,PG,2019-07-19,1.0,1,0,0.0,1,0,0.0,0.0,0.0,0
Late Night,780,tt6107548,R,2019-06-07,0.0,0,1,0.0,1,0,0.0,0.0,0.0,0
Little,762,tt8085790,PG-13,2019-04-12,0.0,0,1,1.0,0,0,0.0,0.0,0.0,1
"Everything, Everything",327,tt5001718,PG-13,2017-05-19,0.0,0,0,0.0,1,0,0.0,0.0,0.0,1
Gifted,315,tt4481414,PG-13,2017-04-07,0.0,0,0,0.0,1,0,0.0,0.0,0.0,0
Moana,277,tt3521164,PG,2016-11-23,1.0,1,1,0.0,0,0,0.0,0.0,0.0,0
Complete Unknown,237,tt4230700,R,2016-08-26,0.0,0,0,0.0,1,0,1.0,0.0,0.0,0
Elvis & Nixon,187,tt2093991,R,2016-04-22,0.0,0,1,0.0,0,0,0.0,1.0,0.0,0
Deadpool,155,tt1431045,R,2016-02-12,1.0,0,1,1.0,0,0,0.0,0.0,0.0,0
By The Sea,120,tt3707106,R,2015-11-13,0.0,0,0,0.0,1,0,0.0,0.0,0.0,1
